target,1,1,1,0.0004466913231205677,1
target,1,1,0,0.00019068115930703507,1
target,1,0,1,0.00021947791017898517,1
target,1,0,0,0.00018802971236052204,1
target,0,1,1,0.00012578048889260612,1
target,0,1,0,0.00009380458831847117,1
target,0,0,1,0.00010461752497938877,1
target,0,0,0,0.00008800383344380707,1
gorilla,1,1,1,0.0004646560912898382,1
gorilla,1,1,0,0.00018119734141555495,1
gorilla,1,0,1,0.0002082555345288435,1
gorilla,1,0,0,0.00009263229618984861,1
gorilla,0,1,1,0.00019233390014782338,1
gorilla,0,1,0,0.00010183622647067132,1
gorilla,0,0,1,0.00014114405002898362,1
gorilla,0,0,0,0.0000603538500778697,1
bee,1,1,1,0.0005276696519706328,1
bee,1,1,0,0.00018356682147617313,1
bee,1,0,1,0.00014415476183354687,1
bee,1,0,0,0.00010066677772394795,1
bee,0,1,1,0.000178199541905758,1
bee,0,1,0,0.00013440250471587404,1
bee,0,0,1,0.00010815894162058611,1
bee,0,0,0,0.00006650466856707098,1
person,1,1,1,0.13003589307825697,1
person,1,1,0,0.1266374402914117,1
person,1,0,1,0.12104440383670174,1
person,1,0,0,0.12463508513351754,1
person,0,1,1,0.1220454474743748,1
person,0,1,0,0.126220047837364,1
person,0,0,1,0.11672700438785373,1
person,0,0,0,0.1224882914382857,1
hamster,1,1,1,0.0005351989323410621,1
hamster,1,1,0,0.00016898262951329848,1
hamster,1,0,1,0.00027100478678820776,1
hamster,1,0,0,0.0001527641405425076,1
hamster,0,1,1,0.00013840632532754847,1
hamster,0,1,0,0.00004555321713824492,1
hamster,0,0,1,0.00010286980294173335,1
hamster,0,0,0,0.00004743620714427186,1
ox,1,1,1,0.0005413761886951854,1
ox,1,1,0,0.0002259919971252112,1
ox,1,0,1,0.00024310906448045866,1
ox,1,0,0,0.00014881380449565998,1
ox,0,1,1,0.00011469802408547838,1
ox,0,1,0,0.00006724282380266963,1
ox,0,0,1,0.00007985407721631387,1
ox,0,0,0,0.00004522613865520383,1
beaver,1,1,1,0.00046415350371637793,1
beaver,1,1,0,0.00014916397799225828,1
beaver,1,0,1,0.0002002855513303213,1
beaver,1,0,0,0.00012517855708786525,1
beaver,0,1,1,0.00023028108940100004,1
beaver,0,1,0,0.00008636070551700274,1
beaver,0,0,1,0.00013271442754414438,1
beaver,0,0,0,0.00005287188570541177,1
mouse,1,1,1,0.0003892728735780533,1
mouse,1,1,0,0.00019274682849968041,1
mouse,1,0,1,0.0002526390987281698,1
mouse,1,0,0,0.00018502925619163151,1
mouse,0,1,1,0.00015366975544186992,1
mouse,0,1,0,0.00007822805811133944,1
mouse,0,0,1,0.0001347261769806936,1
mouse,0,0,0,0.00006771711555068911,1
owl,1,1,1,0.00038394796343626814,2
owl,1,1,0,0.0001411049498408377,2
owl,1,0,1,0.0001564489382057487,2
owl,1,0,0,0.00009945001161081632,2
owl,0,1,1,0.0004497384226347785,2
owl,0,1,0,0.00022061192949809157,2
owl,0,0,1,0.0001484138658935322,2
owl,0,0,0,0.00006834304296577615,2
target,1,1,1,0.0004096060407745944,2
target,1,1,0,0.000135934525764553,2
target,1,0,1,0.0002440715213893019,2
target,1,0,0,0.00012524203427037662,2
target,0,1,1,0.0003270155174717554,2
target,0,1,0,0.00012461298043677565,2
target,0,0,1,0.0002017356983287389,2
target,0,0,0,0.0001137388289489897,2
bear,1,1,1,0.00045723352518792974,2
bear,1,1,0,0.00014843212035276269,2
bear,1,0,1,0.0002803803572292767,2
bear,1,0,0,0.00011919216361474405,2
bear,0,1,1,0.0003622962290946641,2
bear,0,1,0,0.0001309919632834224,2
bear,0,0,1,0.00014532634715656886,2
bear,0,0,0,0.000044870684921540215,2
person,1,1,1,0.08692035446517307,2
person,1,1,0,0.114451760261056,2
person,1,0,1,0.12548541035178323,2
person,1,0,0,0.15040603758836024,2
person,0,1,1,0.1016851206934749,2
person,0,1,0,0.12514173685033633,2
person,0,0,1,0.11877832005481283,2
person,0,0,0,0.16706462744979816,2
snake,1,1,1,0.000290755154488972,2
snake,1,1,0,0.0001270273680496307,2
snake,1,0,1,0.00016055884395059435,2
snake,1,0,0,0.0001482761569491245,2
snake,0,1,1,0.00045946068984995507,2
snake,0,1,0,0.00021788797298340063,2
snake,0,0,1,0.00020714449830553898,2
snake,0,0,0,0.00005388759253938526,2
mouse,1,1,1,0.0004131829343951714,2
mouse,1,1,0,0.00015177641270813853,2
mouse,1,0,1,0.00023756773970412908,2
mouse,1,0,0,0.00009315333468772498,2
mouse,0,1,1,0.00037792832496545724,2
mouse,0,1,0,0.00012274395852108333,2
mouse,0,0,1,0.00018619069486561086,2
mouse,0,0,0,0.0000978226746198194,2
mole,1,1,1,0.00041132514100228253,2
mole,1,1,0,0.00016538455932902838,2
mole,1,0,1,0.00022380754053323825,2
mole,1,0,0,0.00012841423359770664,2
mole,0,1,1,0.00034176038878106066,2
mole,0,1,0,0.0001193356843998151,2
mole,0,0,1,0.00020479110605362374,2
mole,0,0,0,0.0000877096176129812,2
shark,1,1,1,0.00039908509213555193,3
shark,1,1,0,0.0002177865832797671,3
shark,1,0,1,0.0001785700668132168,3
shark,1,0,0,0.00011508903046145623,3
shark,0,1,1,0.00019193860682681824,3
shark,0,1,0,0.00012785838664102967,3
shark,0,0,1,0.00010280705053334858,3
shark,0,0,0,0.00006148707119423522,3
target,1,1,1,0.0002866365782991555,3
target,1,1,0,0.00018425126164671013,3
target,1,0,1,0.00018629152297023138,3
target,1,0,0,0.00015267851670897493,3
target,0,1,1,0.0001770799370124961,3
target,0,1,0,0.00015584981370822033,3
target,0,0,1,0.00013084096002238517,3
target,0,0,0,0.0001364318787823358,3
tiger,1,1,1,0.00030486145508955655,3
tiger,1,1,0,0.0002106490420180767,3
tiger,1,0,1,0.00017843886188981101,3
tiger,1,0,0,0.00014689750520198477,3
tiger,0,1,1,0.00014592485014881392,3
tiger,0,1,0,0.00015541016988721213,3
tiger,0,0,1,0.0001245989440753764,3
tiger,0,0,0,0.00013970454620505085,3
person,1,1,1,0.11755591412219386,3
person,1,1,0,0.1252669742723359,3
person,1,0,1,0.11030949583796944,3
person,1,0,0,0.10975351227127217,3
person,0,1,1,0.12315155035850951,3
person,0,1,0,0.13788375945367276,3
person,0,0,1,0.1229916580788035,3
person,0,0,0,0.14328752694396535,3
lion,1,1,1,0.0003805109010188787,3
lion,1,1,0,0.00018301630492852938,3
lion,1,0,1,0.0002278790954014269,3
lion,1,0,0,0.0001108729026338549,3
lion,0,1,1,0.0001597223953191588,3
lion,0,1,0,0.00012988460162898215,3
lion,0,0,1,0.00009837674062629882,3
lion,0,0,0,0.000107181685413613,3
snake,1,1,1,0.0003278900494972289,3
snake,1,1,0,0.00021977752116933498,3
snake,1,0,1,0.0001997417049329805,3
snake,1,0,0,0.0001513345302098922,3
snake,0,1,1,0.00017320634203096772,3
snake,0,1,0,0.0001275391640474932,3
snake,0,0,1,0.00011895777197504626,3
snake,0,0,0,0.00008021568680593212,3
elephant,1,1,1,0.0003541604868198808,3
elephant,1,1,0,0.0002026594601107886,3
elephant,1,0,1,0.00020871926490057796,3
elephant,1,0,0,0.00013777015176100841,3
elephant,0,1,1,0.00015321688397094038,3
elephant,0,1,0,0.00013270004544182101,3
elephant,0,0,1,0.00011605658620381634,3
elephant,0,0,0,0.00009274864763207213,3
whale,1,1,1,0.0003947120695332368,3
whale,1,1,0,0.00023400899389873674,3
whale,1,0,1,0.0001564893347144172,3
whale,1,0,0,0.0001323609040708825,3
whale,0,1,1,0.00016832244452951708,3
whale,0,1,0,0.00015233772995591332,3
whale,0,0,1,0.00008409179821610754,3
whale,0,0,0,0.00007197873032595281,3
target,1,1,1,0.00026432617321155307,4
target,1,1,0,0.0002593989199202783,4
target,1,0,1,0.0001644883610411789,4
target,1,0,0,0.00016717775478382376,4
target,0,1,1,0.0001641111812955991,4
target,0,1,0,0.00017416636258458075,4
target,0,0,1,0.00011310359775166845,4
target,0,0,0,0.00011423887564683023,4
ant,1,1,1,0.0002978545848836666,4
ant,1,1,0,0.00028082615764023395,4
ant,1,0,1,0.00013876931928939208,4
ant,1,0,0,0.00013739565280148096,4
ant,0,1,1,0.00018850223524014014,4
ant,0,1,0,0.00017362073748808369,4
ant,0,0,1,0.00009833619188524215,4
ant,0,0,0,0.00010555578065118744,4
person,1,1,1,0.12001196134508438,4
person,1,1,0,0.1265338422798911,4
person,1,0,1,0.1265985929687991,4
person,1,0,0,0.13468567230964273,4
person,0,1,1,0.10530794155175796,4
person,0,1,0,0.1300012491164911,4
person,0,0,1,0.1151930112066755,4
person,0,0,0,0.13175235809505023,4
lion,1,1,1,0.0003348456809154553,4
lion,1,1,0,0.0002443804369458408,4
lion,1,0,1,0.00020356551879309389,4
lion,1,0,0,0.00012887898537490677,4
lion,0,1,1,0.0001917031577998999,4
lion,0,1,0,0.00012454136721900058,4
lion,0,0,1,0.00010958985844179132,4
lion,0,0,0,0.00007682991317847592,4
hamster,1,1,1,0.0002924288903097756,4
hamster,1,1,0,0.0002780535049639431,4
hamster,1,0,1,0.0001996595415476471,4
hamster,1,0,0,0.00018571134585898682,4
hamster,0,1,1,0.00016098866422706,4
hamster,0,1,0,0.00014207831068996965,4
hamster,0,0,1,0.00008338055986790931,4
hamster,0,0,0,0.0000719102986131371,4
bull,1,1,1,0.00027193202530872507,4
bull,1,1,0,0.00022168204398491885,4
bull,1,0,1,0.0001997455329983658,4
bull,1,0,0,0.00015740689273630504,4
bull,0,1,1,0.00018326569873238033,4
bull,0,1,0,0.00015022113614431012,4
bull,0,0,1,0.00012248095964658266,4
bull,0,0,0,0.00011263697466857379,4
beaver,1,1,1,0.00033982342755354243,4
beaver,1,1,0,0.00025084198760162257,4
beaver,1,0,1,0.00023252090435218413,4
beaver,1,0,0,0.00016477769701864168,4
beaver,0,1,1,0.00013787406721391978,4
beaver,0,1,0,0.00008351257140582126,4
beaver,0,0,1,0.0001359900438108263,4
beaver,0,0,0,0.00006398358731465537,4
mouse,1,1,1,0.00037783774531247694,4
mouse,1,1,0,0.00023481670192455382,4
mouse,1,0,1,0.000157323832224958,4
mouse,1,0,0,0.00013220524405715444,4
mouse,0,1,1,0.0001499054732371005,4
mouse,0,1,0,0.00015692271354455717,4
mouse,0,0,1,0.00010076206055594656,4
mouse,0,0,0,0.00010648388439782416,4
eagle,1,1,1,0.0002686528446165446,5
eagle,1,1,0,0.00023832021865563413,5
eagle,1,0,1,0.00018321175048888056,5
eagle,1,0,0,0.0001766911247346877,5
eagle,0,1,1,0.0001734715182331352,5
eagle,0,1,0,0.00017519133892210143,5
eagle,0,0,1,0.00011753250258852796,5
eagle,0,0,0,0.00009520225000789133,5
horse,1,1,1,0.0003095718768668487,5
horse,1,1,0,0.00026785510192542747,5
horse,1,0,1,0.00018297900354318018,5
horse,1,0,0,0.0001730196466051811,5
horse,0,1,1,0.00014769256338909386,5
horse,0,1,0,0.00011669479290269923,5
horse,0,0,1,0.00013167045864668703,5
horse,0,0,0,0.00009775663970280858,5
target,1,1,1,0.00026776420704712644,5
target,1,1,0,0.0002530050624209672,5
target,1,0,1,0.00017602941837640147,5
target,1,0,0,0.00017521116293177296,5
target,0,1,1,0.00015811898572410383,5
target,0,1,0,0.0001496951912018371,5
target,0,0,1,0.00012577344649436256,5
target,0,0,0,0.0001225975928757908,5
gazelle,1,1,1,0.0002672565725861677,5
gazelle,1,1,0,0.0002526787652759907,5
gazelle,1,0,1,0.0001512991445053472,5
gazelle,1,0,0,0.00015408689095789367,5
gazelle,0,1,1,0.00018822877076718383,5
gazelle,0,1,0,0.00018279692118322718,5
gazelle,0,0,1,0.00012534528047956022,5
gazelle,0,0,0,0.00010726782076090649,5
swan,1,1,1,0.00027892497659840154,5
swan,1,1,0,0.00024370887404493924,5
swan,1,0,1,0.00018326734161005514,5
swan,1,0,0,0.0001873335076172299,5
swan,0,1,1,0.00013934649742593252,5
swan,0,1,0,0.00012993492036318145,5
swan,0,0,1,0.0001415176840573306,5
swan,0,0,0,0.0001237331757044463,5
person,1,1,1,0.13801123099776863,5
person,1,1,0,0.14531463666878353,5
person,1,0,1,0.1387516431518303,5
person,1,0,0,0.15518545682458232,5
person,0,1,1,0.09865972378716281,5
person,0,1,0,0.10178826407625785,5
person,0,0,1,0.09645650868296547,5
person,0,0,0,0.11583658779678498,5
hamster,1,1,1,0.00031573387330762387,5
hamster,1,1,0,0.0002515160555790142,5
hamster,1,0,1,0.00016183762210885967,5
hamster,1,0,0,0.00016221410098340514,5
hamster,0,1,1,0.00013373970276812753,5
hamster,0,1,0,0.00013805801378576822,5
hamster,0,0,1,0.00014233255101985716,5
hamster,0,0,0,0.00012243627563685193,5
mouse,1,1,1,0.00028812804054800914,5
mouse,1,1,0,0.0002761198100444002,5
mouse,1,0,1,0.0001831704197041516,5
mouse,1,0,0,0.00016498865087749667,5
mouse,0,1,1,0.00014210505826971458,5
mouse,0,1,0,0.0001315674473781403,5
mouse,0,0,1,0.00012178238573418116,5
mouse,0,0,0,0.00011978216327890113,5
target,1,1,1,0.0003937848860731426,6
target,1,1,0,0.0002223238556977571,6
target,1,0,1,0.0001762689160928766,6
target,1,0,0,0.00014785199207378082,6
target,0,1,1,0.00018170554252817958,6
target,0,1,0,0.00012207645867046927,6
target,0,0,1,0.0000997561534258563,6
target,0,0,0,0.00008611881285098444,6
gorilla,1,1,1,0.00043881049655299965,6
gorilla,1,1,0,0.00022240937308172848,6
gorilla,1,0,1,0.00015691029131319198,6
gorilla,1,0,0,0.0001410353032149503,6
gorilla,0,1,1,0.00019044747791750977,6
gorilla,0,1,0,0.00012162097677307063,6
gorilla,0,0,1,0.00009010266428858457,6
gorilla,0,0,0,0.00006866931581633093,6
elephant,1,1,1,0.00040107034188696807,6
elephant,1,1,0,0.000202427644510964,6
elephant,1,0,1,0.0001801777871262536,6
elephant,1,0,0,0.0001260953725780509,6
elephant,0,1,1,0.00015987112451614887,6
elephant,0,1,0,0.0001394018693781408,6
elephant,0,0,1,0.00012071432888570847,6
elephant,0,0,0,0.00010007967503744874,6
bear,1,1,1,0.0003832296018755773,6
bear,1,1,0,0.00023037404822454812,6
bear,1,0,1,0.00017538182226243428,6
bear,1,0,0,0.00014447319974288312,6
bear,0,1,1,0.00016688441040939677,6
bear,0,1,0,0.000128399538498881,6
bear,0,0,1,0.00011503573478864815,6
bear,0,0,0,0.0000860510732485295,6
person,1,1,1,0.12373204355733344,6
person,1,1,0,0.1383240778245329,6
person,1,0,1,0.11011530271419621,6
person,1,0,0,0.12098049450696607,6
person,0,1,1,0.12434526476130157,6
person,0,1,0,0.13433058447132096,6
person,0,0,1,0.10863059446917184,6
person,0,0,0,0.1295314384145189,6
lion,1,1,1,0.0005723790803561874,6
lion,1,1,0,0.00027428542961553497,6
lion,1,0,1,0.0001063535429823116,6
lion,1,0,0,0.00010819328130640085,6
lion,0,1,1,0.00010489094628870426,6
lion,0,1,0,0.00010570043568402428,6
lion,0,0,1,0.00007992572045046113,6
lion,0,0,0,0.00007850278228809593,6
ox,1,1,1,0.00045513135624779207,6
ox,1,1,0,0.0002106634902358722,6
ox,1,0,1,0.00015358945391880606,6
ox,1,0,0,0.0001250246246521526,6
ox,0,1,1,0.00019012221584398928,6
ox,0,1,0,0.00012269959436499606,6
ox,0,0,1,0.0001010695527769278,6
ox,0,0,0,0.00007174490042291617,6
boar,1,1,1,0.00046035773454607967,6
boar,1,1,0,0.00022334640040427348,6
boar,1,0,1,0.00018191431097874285,6
boar,1,0,0,0.0001839816228275706,6
boar,0,1,1,0.00011783076038911081,6
boar,0,1,0,0.00007917160712652834,6
boar,0,0,1,0.00011223567360467262,6
boar,0,0,0,0.00007152467400411772,6
eagle,1,1,1,0.0002925113801734899,7
eagle,1,1,0,0.00008216444131235875,7
eagle,1,0,1,0.0003175075840401973,7
eagle,1,0,0,0.00008850445182980025,7
eagle,0,1,1,0.00025037137507575793,7
eagle,0,1,0,0.0000666562315581246,7
eagle,0,0,1,0.0002765159695582062,7
eagle,0,0,0,0.00006326086437628387,7
target,1,1,1,0.00032921615078749676,7
target,1,1,0,0.00012061675249521525,7
target,1,0,1,0.0002950175897430275,7
target,1,0,0,0.00011811825358815023,7
target,0,1,1,0.00020477826605353987,7
target,0,1,0,0.0000924910392254482,7
target,0,0,1,0.0001925359624549454,7
target,0,0,0,0.0000894190921052496,7
sloth,1,1,1,0.00032351693249915237,7
sloth,1,1,0,0.00011323722964474942,7
sloth,1,0,1,0.0003085450566548217,7
sloth,1,0,0,0.00011477395932539924,7
sloth,0,1,1,0.00018626931015690556,7
sloth,0,1,0,0.00009610488733027652,7
sloth,0,0,1,0.00020168920065643316,7
sloth,0,0,0,0.00009764501269085996,7
dog,1,1,1,0.0002654861681979419,7
dog,1,1,0,0.00013671404432379205,7
dog,1,0,1,0.00023987986409683214,7
dog,1,0,0,0.00015145727562319936,7
dog,0,1,1,0.000213345574533915,7
dog,0,1,0,0.00011385292308049363,7
dog,0,0,1,0.00021330077207994575,7
dog,0,0,0,0.00010146794633505295,7
person,1,1,1,0.1306905743379053,7
person,1,1,0,0.12671056704856862,7
person,1,0,1,0.1300357983927105,7
person,1,0,0,0.1276124394827233,7
person,0,1,1,0.1250836487487236,7
person,0,1,0,0.11588096940575655,7
person,0,0,1,0.11928651462890942,7
person,0,0,0,0.11462125443583839,7
rabbit,1,1,1,0.0002932633573842819,7
rabbit,1,1,0,0.000124419411838485,7
rabbit,1,0,1,0.0002792729088028388,7
rabbit,1,0,0,0.00012678479031210977,7
rabbit,0,1,1,0.0002333325877221679,7
rabbit,0,1,0,0.00008753947857211681,7
rabbit,0,0,1,0.00022339979720680789,7
rabbit,0,0,0,0.00007135324729099213,7
kitten,1,1,1,0.0002957213259622019,7
kitten,1,1,0,0.00016257801895539818,7
kitten,1,0,1,0.0002461294427758239,7
kitten,1,0,0,0.00015642613161911365,7
kitten,0,1,1,0.00019639688288525397,7
kitten,0,1,0,0.00012901469791655907,7
kitten,0,0,1,0.00017123444709489115,7
kitten,0,0,0,0.00008304796245101528,7
cheetah,1,1,1,0.00033306496374109777,7
cheetah,1,1,0,0.00010098589074256807,7
cheetah,1,0,1,0.0003233606371789327,7
cheetah,1,0,0,0.00008031557913328365,7
cheetah,0,1,1,0.000221671378631425,7
cheetah,0,1,0,0.00007367974490894233,7
cheetah,0,0,1,0.0002204475358790044,7
cheetah,0,0,0,0.00008782173825206678,7
hippo,1,1,1,0.0004243818038322165,8
hippo,1,1,0,0.0001943836508197144,8
hippo,1,0,1,0.0002503274477682098,8
hippo,1,0,0,0.00016562037311402696,8
hippo,0,1,1,0.00015638578886508907,8
hippo,0,1,0,0.00010284880908292998,8
hippo,0,0,1,0.00009592131080856474,8
hippo,0,0,0,0.00006298725607834242,8
target,1,1,1,0.00039018077795691526,8
target,1,1,0,0.0001951253583538263,8
target,1,0,1,0.0002781189473707612,8
target,1,0,0,0.000148051327341448,8
target,0,1,1,0.00012819934475412153,8
target,0,1,0,0.00010529860574644211,8
target,0,0,1,0.00009524430938808369,8
target,0,0,0,0.00011017833858119607,8
sloth,1,1,1,0.00032664731102308175,8
sloth,1,1,0,0.00017523743145953378,8
sloth,1,0,1,0.00022740599619228106,8
sloth,1,0,0,0.00015804543308606288,8
sloth,0,1,1,0.0001910932617985303,8
sloth,0,1,0,0.00011805999503991222,8
sloth,0,0,1,0.00012593186757440495,8
sloth,0,0,0,0.000119445829226329,8
dog,1,1,1,0.00034762231486802235,8
dog,1,1,0,0.00021494088112169367,8
dog,1,0,1,0.00027398076202257796,8
dog,1,0,0,0.00020704033179257009,8
dog,0,1,1,0.00014052342407916578,8
dog,0,1,0,0.00009382936140922605,8
dog,0,0,1,0.0000968230063202937,8
dog,0,0,0,0.00007746709043773806,8
pig,1,1,1,0.0003518198420886282,8
pig,1,1,0,0.00016884199090557228,8
pig,1,0,1,0.0002893869253631305,8
pig,1,0,0,0.00017101524156462947,8
pig,0,1,1,0.00012121846846287887,8
pig,0,1,0,0.00009827975923809569,8
pig,0,0,1,0.00013759958097586607,8
pig,0,0,0,0.00010934627562871593,8
person,1,1,1,0.1400435750187756,8
person,1,1,0,0.10478988259055946,8
person,1,0,1,0.13413028057429013,8
person,1,0,0,0.11765351418419757,8
person,0,1,1,0.11802388950218945,8
person,0,1,0,0.11890616540546999,8
person,0,0,1,0.12169639612025959,8
person,0,0,0,0.1346027432828166,8
ox,1,1,1,0.0003580897781262339,8
ox,1,1,0,0.00022440754804917265,8
ox,1,0,1,0.00029857001089423203,8
ox,1,0,0,0.0002000670639856746,8
ox,0,1,1,0.00011521431486810546,8
ox,0,1,0,0.0000792385555106056,8
ox,0,0,1,0.00012031295389211509,8
ox,0,0,0,0.00005879025136427489,8
cat,1,1,1,0.00040129927021473804,8
cat,1,1,0,0.0001846555766739086,8
cat,1,0,1,0.000275584666833841,8
cat,1,0,0,0.00020494782244016217,8
cat,0,1,1,0.0001381775238607892,8
cat,0,1,0,0.00006612334234483807,8
cat,0,0,1,0.00011100021716324695,8
cat,0,0,0,0.00007221859367882071,8
person,1,1,1,0.1490654530263063,9
person,1,1,0,0.1256305145008384,9
person,1,0,1,0.09762423830818294,9
person,1,0,0,0.11053112001943435,9
person,0,1,1,0.1277825238422887,9
person,0,1,0,0.11961623252815193,9
person,0,0,1,0.10777629046097124,9
person,0,0,0,0.15215167005590066,9
eagle,1,1,1,0.0006958805589235297,9
eagle,1,1,0,0.00037465872268300804,9
eagle,1,0,1,0.00039400676065381464,9
eagle,1,0,0,0.00028389976348940934,9
eagle,0,1,1,0.00023380312274959208,9
eagle,0,1,0,0.00015543878079732617,9
eagle,0,0,1,0.0001571484053534105,9
eagle,0,0,0,0.0001468394666261908,9
dolphin,1,1,1,0.0007058547676089112,9
dolphin,1,1,0,0.0004178162241067086,9
dolphin,1,0,1,0.0003470225659103452,9
dolphin,1,0,0,0.0002325521406147617,9
dolphin,0,1,1,0.0002184168722488661,9
dolphin,0,1,0,0.00019353468574555044,9
dolphin,0,0,1,0.0001433884085827016,9
dolphin,0,0,0,0.00018615396681961167,9
target,1,1,1,0.0005252311018219249,9
target,1,1,0,0.00030981901834414854,9
target,1,0,1,0.00036319409215713046,9
target,1,0,0,0.0002666903227650695,9
target,0,1,1,0.00025778666858856876,9
target,0,1,0,0.0002452934466663597,9
target,0,0,1,0.00021782102042896835,9
target,0,0,0,0.0002882379115244029,9
cat,1,1,1,0.000626132502462077,9
cat,1,1,0,0.0003231827855572112,9
cat,1,0,1,0.0003497076064672739,9
cat,1,0,0,0.0002579734082412153,9
cat,0,1,1,0.00027657700801078455,9
cat,0,1,0,0.00022615909823613833,9
cat,0,0,1,0.00020248490984013857,9
cat,0,0,0,0.00019925114390024627,9
person,1,1,1,0.16413748781802062,10
person,1,1,0,0.1412413114552703,10
person,1,0,1,0.115559862308995,10
person,1,0,0,0.14611263753212325,10
person,0,1,1,0.11920219475592535,10
person,0,1,0,0.10651647369201304,10
person,0,0,1,0.09488885051748286,10
person,0,0,0,0.10216080615646171,10
kitten,1,1,1,0.0007386205643337198,10
kitten,1,1,0,0.00030896618912253153,10
kitten,1,0,1,0.00048297723235472026,10
kitten,1,0,0,0.00026868231880370773,10
kitten,0,1,1,0.0002381308478495466,10
kitten,0,1,0,0.0001939903092944906,10
kitten,0,0,1,0.0001943859433811951,10
kitten,0,0,0,0.00011433313036611487,10
dog,1,1,1,0.0007068079834669494,10
dog,1,1,0,0.00038328420951263143,10
dog,1,0,1,0.0003946870006245442,10
dog,1,0,0,0.00031697544095416613,10
dog,0,1,1,0.00022684416416709707,10
dog,0,1,0,0.00018318387487537997,10
dog,0,0,1,0.00019399933864391736,10
dog,0,0,0,0.00013422246750627743,10
target,1,1,1,0.0007201511086342359,10
target,1,1,0,0.0003951105570857324,10
target,1,0,1,0.00040668008280123747,10
target,1,0,0,0.00033509844568774835,10
target,0,1,1,0.00020875340242455687,10
target,0,1,0,0.00017233111107450654,10
target,0,0,1,0.00016900243489213128,10
target,0,0,0,0.0001387051194778242,10
cat,1,1,1,0.0008115160386968576,10
cat,1,1,0,0.0004262182878044126,10
cat,1,0,1,0.0003423191931807626,10
cat,1,0,0,0.0003565082346788913,10
cat,0,1,1,0.00020593031267120536,10
cat,0,1,0,0.00015577772503508986,10
cat,0,0,1,0.0001395177336550523,10
cat,0,0,0,0.00011666496065053067,10
donkey,1,1,1,0.0005184618875972788,11
donkey,1,1,0,0.0002004561498877348,11
donkey,1,0,1,0.00024230360521300802,11
donkey,1,0,0,0.00016758935174803922,11
donkey,0,1,1,0.00014497541060236492,11
donkey,0,1,0,0.00017468316252886392,11
donkey,0,0,1,0.00009747973552702894,11
donkey,0,0,0,0.00011920771337082266,11
target,1,1,1,0.0003624289846405606,11
target,1,1,0,0.0001719975851509487,11
target,1,0,1,0.0002861440724460547,11
target,1,0,0,0.0001575775440148875,11
target,0,1,1,0.0001949368857656658,11
target,0,1,0,0.0001718582119256008,11
target,0,0,1,0.0001652565596158156,11
target,0,0,0,0.00015816635335146127,11
elephant,1,1,1,0.00037435674677692324,11
elephant,1,1,0,0.00014115711127117106,11
elephant,1,0,1,0.000323360670069706,11
elephant,1,0,0,0.00010355278036449156,11
elephant,0,1,1,0.0002338848667868628,11
elephant,0,1,0,0.00016924622425281398,11
elephant,0,0,1,0.00017341419770122328,11
elephant,0,0,0,0.00014975373396561967,11
dog,1,1,1,0.0005534651279599989,11
dog,1,1,0,0.00014348030183225193,11
dog,1,0,1,0.00021555496365085078,11
dog,1,0,0,0.00009793378701326277,11
dog,0,1,1,0.0002328191286940932,11
dog,0,1,0,0.00017057168392788387,11
dog,0,0,1,0.000177856985335149,11
dog,0,0,0,0.00007347336084657358,11
person,1,1,1,0.06484324907506053,11
person,1,1,0,0.17141299041802924,11
person,1,0,1,0.08480196888438442,11
person,1,0,0,0.18278672161937143,11
person,0,1,1,0.07254129820081376,11
person,0,1,0,0.16766564323922023,11
person,0,0,1,0.07268450152972614,11
person,0,0,0,0.17326260299499152,11
kitten,1,1,1,0.0004950261921423596,11
kitten,1,1,0,0.00014231859563508891,11
kitten,1,0,1,0.00027415035625100734,11
kitten,1,0,0,0.0000869559083062125,11
kitten,0,1,1,0.0002028903573922379,11
kitten,0,1,0,0.00018068559189346063,11
kitten,0,0,1,0.00013755119307610558,11
kitten,0,0,0,0.00014684420399210907,11
puppy,1,1,1,0.00031982021915357686,11
puppy,1,1,0,0.0002060184691880055,11
puppy,1,0,1,0.00026176477265674934,11
puppy,1,0,0,0.000147076683638045,11
puppy,0,1,1,0.00022745858945991227,11
puppy,0,1,0,0.00019824701212131882,11
puppy,0,0,1,0.00019721281563137596,11
puppy,0,0,0,0.00010959819403011484,11
hippo,1,1,1,0.00047139763242715326,12
hippo,1,1,0,0.00009533196482981713,12
hippo,1,0,1,0.0002774582533818354,12
hippo,1,0,0,0.000087607154516711,12
hippo,0,1,1,0.00022909741875633106,12
hippo,0,1,0,0.00008083579514758247,12
hippo,0,0,1,0.0001326684025683165,12
hippo,0,0,0,0.00007025626790702001,12
target,1,1,1,0.0005045167501153676,12
target,1,1,0,0.00007667574524088831,12
target,1,0,1,0.0003226544661478519,12
target,1,0,0,0.00008258596424848113,12
target,0,1,1,0.00017224047176873775,12
target,0,1,0,0.00007873328547522482,12
target,0,0,1,0.00015028662128785503,12
target,0,0,0,0.00006148082693808676,12
dolphin,1,1,1,0.000648155179806444,12
dolphin,1,1,0,0.00006829590502894741,12
dolphin,1,0,1,0.0002528718563257699,12
dolphin,1,0,0,0.00008374230313415204,12
dolphin,0,1,1,0.000191869044863261,12
dolphin,0,1,0,0.00007378102180595856,12
dolphin,0,0,1,0.00009450361668651059,12
dolphin,0,0,0,0.000036870767156085535,12
cat,1,1,1,0.0005571883876484093,12
cat,1,1,0,0.00008860702716535411,12
cat,1,0,1,0.00035078172401060303,12
cat,1,0,0,0.00008928622227820849,12
cat,0,1,1,0.00015538849889256507,12
cat,0,1,0,0.00006772186694729637,12
cat,0,0,1,0.00011088685783402206,12
cat,0,0,0,0.000033817279137600585,12
person,1,1,1,0.14506952166474502,12
person,1,1,0,0.08464459379700999,12
person,1,0,1,0.16278118176159342,12
person,1,0,0,0.08813344298340266,12
person,0,1,1,0.1195515026995372,12
person,0,1,0,0.1405120848486107,12
person,0,0,1,0.1146743015325339,12
person,0,0,0,0.1344963457954991,12
giraffe,1,1,1,0.0004950382008637195,12
giraffe,1,1,0,0.00010228787349846425,12
giraffe,1,0,1,0.00026691726158820604,12
giraffe,1,0,0,0.00007668401718319572,12
giraffe,0,1,1,0.00021282757306511905,12
giraffe,0,1,0,0.00009329305629415981,12
giraffe,0,0,1,0.0001228624026570763,12
giraffe,0,0,0,0.00007423012380849788,12
whale,1,1,1,0.0006314708552293009,12
whale,1,1,0,0.00009867797878287398,12
whale,1,0,1,0.00024277817994614945,12
whale,1,0,0,0.00007397094011926538,12
whale,0,1,1,0.00015042035766997687,12
whale,0,1,0,0.00010871412351647709,12
whale,0,0,1,0.00006396552755920322,12
whale,0,0,0,0.00007699117331776244,12
rhino,1,1,1,0.0005528180956225617,12
rhino,1,1,0,0.000058603876096478805,12
rhino,1,0,1,0.00028437087756216496,12
rhino,1,0,0,0.00006423164681027143,12
rhino,0,1,1,0.00021919899881793606,12
rhino,0,1,0,0.00006336319100013034,12
rhino,0,0,1,0.00015657812396200222,12
rhino,0,0,0,0.000049135882618701266,12
target,1,1,1,0.0003542756802269976,13
target,1,1,0,0.0001675820512927484,13
target,1,0,1,0.0001661466497065312,13
target,1,0,0,0.00010719747712653194,13
target,0,1,1,0.0002654300760005463,13
target,0,1,0,0.00014530363320133718,13
target,0,0,1,0.00013458372048023303,13
target,0,0,0,0.0000889709117354212,13
dolphin,1,1,1,0.0004164987413417792,13
dolphin,1,1,0,0.00014400726813686352,13
dolphin,1,0,1,0.0001430616347111985,13
dolphin,1,0,0,0.00009278488715058972,13
dolphin,0,1,1,0.000325366736658947,13
dolphin,0,1,0,0.00012709903451045857,13
dolphin,0,0,1,0.00010296113979316407,13
dolphin,0,0,0,0.00007472027148499921,13
pig,1,1,1,0.0003764945355427846,13
pig,1,1,0,0.00015738661722202149,13
pig,1,0,1,0.00018603611291485953,13
pig,1,0,0,0.00008179042708057002,13
pig,0,1,1,0.0002948266473449633,13
pig,0,1,0,0.00014527807821988235,13
pig,0,0,1,0.00012421015512634507,13
pig,0,0,0,0.00006155270162047482,13
person,1,1,1,0.07084430669779912,13
person,1,1,0,0.06501369369617212,13
person,1,0,1,0.07681090610140436,13
person,1,0,0,0.07469288850393951,13
person,0,1,1,0.16519555981642095,13
person,0,1,0,0.15876218968859682,13
person,0,0,1,0.18896676401780077,13
person,0,0,0,0.1897228283817268,13
lizard,1,1,1,0.0004196846564019983,13
lizard,1,1,0,0.00019356720488643408,13
lizard,1,0,1,0.00012899264580717147,13
lizard,1,0,0,0.00008607902322057092,13
lizard,0,1,1,0.00027032094314745857,13
lizard,0,1,0,0.00014948678782748838,13
lizard,0,0,1,0.0001178528242943647,13
lizard,0,0,0,0.00006210577113046328,13
snake,1,1,1,0.0005572520401644792,13
snake,1,1,0,0.00013659382302195412,13
snake,1,0,1,0.00013184565572843684,13
snake,1,0,0,0.00006754573931549147,13
snake,0,1,1,0.00029097504501417334,13
snake,0,1,0,0.00010488144471027849,13
snake,0,0,1,0.00009021883405099073,13
snake,0,0,0,0.00004665792302757749,13
seal,1,1,1,0.0005195360590058301,13
seal,1,1,0,0.0001574732505084771,13
seal,1,0,1,0.00014498601400785252,13
seal,1,0,0,0.00005012908038939543,13
seal,0,1,1,0.00026917630924356634,13
seal,0,1,0,0.0001461552686156959,13
seal,0,0,1,0.00009831837453794627,13
seal,0,0,0,0.00004040138662248402,13
skunk,1,1,1,0.0004298050810482651,13
skunk,1,1,0,0.00012819045845043344,13
skunk,1,0,1,0.00019346346069797375,13
skunk,1,0,0,0.00008643232879660468,13
skunk,0,1,1,0.0003075091963086406,13
skunk,0,1,0,0.00011225893044617301,13
skunk,0,0,1,0.00011842429797153926,13
skunk,0,0,0,0.00005097804910916586,13
peacock,1,1,1,0.0006089841573089929,14
peacock,1,1,0,0.00029831915347371726,14
peacock,1,0,1,0.0002601075078952891,14
peacock,1,0,0,0.0001732868389362403,14
peacock,0,1,1,0.00021385540497692747,14
peacock,0,1,0,0.00017999071360412218,14
peacock,0,0,1,0.00014151156038672515,14
peacock,0,0,0,0.00011474209735703932,14
target,1,1,1,0.0004940275258607799,14
target,1,1,0,0.0003038430350521331,14
target,1,0,1,0.00022824525106316559,14
target,1,0,0,0.0001701890022292553,14
target,0,1,1,0.00028436734422932766,14
target,0,1,0,0.00017508491352221221,14
target,0,0,1,0.00019184264970159925,14
target,0,0,0,0.00014804711450278833,14
dolphin,1,1,1,0.0006385997962006835,14
dolphin,1,1,0,0.00033067636819047503,14
dolphin,1,0,1,0.0002710229126176147,14
dolphin,1,0,0,0.00017533986611460755,14
dolphin,0,1,1,0.00020769317872682463,14
dolphin,0,1,0,0.000151472776519393,14
dolphin,0,0,1,0.00013242093462398003,14
dolphin,0,0,0,0.00008114195843911873,14
cat,1,1,1,0.0005169030726486783,14
cat,1,1,0,0.000289413657029439,14
cat,1,0,1,0.0002324161771365187,14
cat,1,0,0,0.00018130661479450467,14
cat,0,1,1,0.0002870905584473346,14
cat,0,1,0,0.00017647669424322715,14
cat,0,0,1,0.00017423748521970496,14
cat,0,0,0,0.00013708326654818638,14
person,1,1,1,0.1360140482679857,14
person,1,1,0,0.1379673638165295,14
person,1,0,1,0.11276959003760618,14
person,1,0,0,0.1093087764402915,14
person,0,1,1,0.12027829332354151,14
person,0,1,0,0.12189950374232861,14
person,0,0,1,0.12539875094308184,14
person,0,0,0,0.12639697697478341,14
snake,1,1,1,0.00048265827903338544,14
snake,1,1,0,0.0002929843201916138,14
snake,1,0,1,0.00021996254875600066,14
snake,1,0,0,0.0001531544056576891,14
snake,0,1,1,0.00024639168130538287,14
snake,0,1,0,0.00017865661239579823,14
snake,0,0,1,0.00023999541458206828,14
snake,0,0,0,0.00018315360432920357,14
target,1,1,1,0.00032309584474526036,15
target,1,1,0,0.000229196153677597,15
target,1,0,1,0.0002645193395624791,15
target,1,0,0,0.00022595031748485106,15
target,0,1,1,0.00011982618154392123,15
target,0,1,0,0.0000967377795666552,15
target,0,0,1,0.00011012903446354786,15
target,0,0,0,0.00009963171156246602,15
kangaroo,1,1,1,0.00036035330092921644,15
kangaroo,1,1,0,0.0002487301832769926,15
kangaroo,1,0,1,0.0002813453435211367,15
kangaroo,1,0,0,0.00019755085944948261,15
kangaroo,0,1,1,0.0001052123910310556,15
kangaroo,0,1,0,0.00009352811303581614,15
kangaroo,0,0,1,0.0001121143482155009,15
kangaroo,0,0,0,0.00007301543762537275,15
dog,1,1,1,0.00042055540517087745,15
dog,1,1,0,0.00023115143237125232,15
dog,1,0,1,0.0002504723104097653,15
dog,1,0,0,0.000172889563126342,15
dog,0,1,1,0.00011145800704893353,15
dog,0,1,0,0.00010841423867423655,15
dog,0,0,1,0.00009960412736624337,15
dog,0,0,0,0.00007511456123813358,15
slug,1,1,1,0.00035714063259705215,15
slug,1,1,0,0.0002827953427882241,15
slug,1,0,1,0.0002668232233222219,15
slug,1,0,0,0.00021137976022588258,15
slug,0,1,1,0.0001052778705362227,15
slug,0,1,0,0.00009412922780537246,15
slug,0,0,1,0.00009487230435027763,15
slug,0,0,0,0.00006120896521587111,15
person,1,1,1,0.09349009382843662,15
person,1,1,0,0.07839662227508187,15
person,1,0,1,0.08653808121416333,15
person,1,0,0,0.08545475581631133,15
person,0,1,1,0.14986038222910775,15
person,0,1,0,0.16305026103423814,15
person,0,0,1,0.15538166906475653,15
person,0,0,0,0.17753390492926907,15
snake,1,1,1,0.00037006439251081825,15
snake,1,1,0,0.00024391146162734752,15
snake,1,0,1,0.0002776247551030485,15
snake,1,0,0,0.00017126162888196132,15
snake,0,1,1,0.00011046437464943355,15
snake,0,1,0,0.00010150122786457052,15
snake,0,0,1,0.00012089451687324939,15
snake,0,0,0,0.000073836202562375,15
rabbit,1,1,1,0.00038396353311835396,15
rabbit,1,1,0,0.0003008421252153684,15
rabbit,1,0,1,0.0002372801775749782,15
rabbit,1,0,0,0.00019969306812869892,15
rabbit,0,1,1,0.00009396249211255385,15
rabbit,0,1,0,0.00009908585274272831,15
rabbit,0,0,1,0.00008673069629788867,15
rabbit,0,0,0,0.00007171633658687616,15
bird,1,1,1,0.00033505842098052643,15
bird,1,1,0,0.00027102204011022644,15
bird,1,0,1,0.000226800853040981,15
bird,1,0,0,0.00019715310992013846,15
bird,0,1,1,0.00011417128657009159,15
bird,0,1,0,0.00010392690544168252,15
bird,0,0,1,0.00011398093416304294,15
bird,0,0,0,0.00010505990462030396,15
hippo,1,1,1,0.00020206255644845204,16
hippo,1,1,0,0.0001572537127181177,16
hippo,1,0,1,0.000167668403352826,16
hippo,1,0,0,0.00013438468242254293,16
hippo,0,1,1,0.00021671494341586533,16
hippo,0,1,0,0.00018319972791108188,16
hippo,0,0,1,0.0002034977772097172,16
hippo,0,0,0,0.00016308466630884032,16
target,1,1,1,0.0001825254810867648,16
target,1,1,0,0.00014752243619559733,16
target,1,0,1,0.00016526405050535894,16
target,1,0,0,0.00014855970907177242,16
target,0,1,1,0.00022818548590536046,16
target,0,1,0,0.00017486054181071531,16
target,0,0,1,0.00020741293445720955,16
target,0,0,0,0.00017721120778430252,16
dog,1,1,1,0.00026523010347842763,16
dog,1,1,0,0.00017382420394524708,16
dog,1,0,1,0.0002006527903638007,16
dog,1,0,0,0.0001426070872060833,16
dog,0,1,1,0.0002020458660762411,16
dog,0,1,0,0.00014650774274413712,16
dog,0,0,1,0.0001598688448706435,16
dog,0,0,0,0.00011536663578075817,16
hyena,1,1,1,0.0002786407102572032,16
hyena,1,1,0,0.00019580148494447407,16
hyena,1,0,1,0.00017367936555099091,16
hyena,1,0,0,0.00009835085503604703,16
hyena,0,1,1,0.00020107306533991947,16
hyena,0,1,0,0.00013134896043828074,16
hyena,0,0,1,0.00020253942499988956,16
hyena,0,0,0,0.000129540492715908,16
person,1,1,1,0.11602109718216744,16
person,1,1,0,0.1136115404150453,16
person,1,0,1,0.11653583724423905,16
person,1,0,0,0.11927067375206686,16
person,0,1,1,0.13412610317585338,16
person,0,1,0,0.12715814287318591,16
person,0,0,1,0.13047947882903954,16
person,0,0,0,0.13288070351659345,16
lion,1,1,1,0.0003056242952348422,16
lion,1,1,0,0.00018318157614621928,16
lion,1,0,1,0.000216848199434944,16
lion,1,0,0,0.00011401068301371664,16
lion,0,1,1,0.0001968123187453442,16
lion,0,1,0,0.000147059467604031,16
lion,0,0,1,0.0001399515908533263,16
lion,0,0,0,0.00009464293184798985,16
elephant,1,1,1,0.00022744896706918102,16
elephant,1,1,0,0.00015122382853673553,16
elephant,1,0,1,0.0001878738254030053,16
elephant,1,0,0,0.0001239307709776987,16
elephant,0,1,1,0.00023118221931741644,16
elephant,0,1,0,0.00014299257417963715,16
elephant,0,0,1,0.00021779631940390835,16
elephant,0,0,0,0.00013910543835380583,16
monkey,1,1,1,0.00021706879465108336,16
monkey,1,1,0,0.00016014742351424247,16
monkey,1,0,1,0.00018630078098644086,16
monkey,1,0,0,0.00013796325800176097,16
monkey,0,1,1,0.0002342850030591245,16
monkey,0,1,0,0.00013252921104682925,16
monkey,0,0,1,0.00021237661583827026,16
monkey,0,0,0,0.0001395809682366463,16
target,1,1,1,0.0005732040710371348,17
target,1,1,0,0.00019753764098544535,17
target,1,0,1,0.00033733253574883817,17
target,1,0,0,0.00024123281653808112,17
target,0,1,1,0.00019047913645830518,17
target,0,1,0,0.00012212659282010365,17
target,0,0,1,0.00022122989069008167,17
target,0,0,0,0.00015534133833898116,17
dog,1,1,1,0.0005453688722467843,17
dog,1,1,0,0.00015475696697007853,17
dog,1,0,1,0.000394149318778292,17
dog,1,0,0,0.0002385787549382915,17
dog,0,1,1,0.0002000078105350964,17
dog,0,1,0,0.00013536559027385595,17
dog,0,0,1,0.000181238618043902,17
dog,0,0,0,0.0001870107721951623,17
cat,1,1,1,0.00035537036567129715,17
cat,1,1,0,0.0002759186423814802,17
cat,1,0,1,0.00033349421453504976,17
cat,1,0,0,0.00029132964767180356,17
cat,0,1,1,0.00019411854997144565,17
cat,0,1,0,0.00020781154616324998,17
cat,0,0,1,0.00018668782988768792,17
cat,0,0,0,0.0001767448798298308,17
person,1,1,1,0.15475641865820944,17
person,1,1,0,0.09928833907605529,17
person,1,0,1,0.13605679914882374,17
person,1,0,0,0.13467642392872323,17
person,0,1,1,0.1315849374208807,17
person,0,1,0,0.08764663545161205,17
person,0,0,1,0.10793105975595356,17
person,0,0,0,0.13790497364259147,17
lion,1,1,1,0.000543493683710169,17
lion,1,1,0,0.00024661696396626896,17
lion,1,0,1,0.00031370763329592285,17
lion,1,0,0,0.00020916191050166644,17
lion,0,1,1,0.00030523175612855136,17
lion,0,1,0,0.00015442030795628946,17
lion,0,0,1,0.00013889037441092795,17
lion,0,0,0,0.00012178080344015432,17
elephant,1,1,1,0.00045716874935570003,17
elephant,1,1,0,0.0002545460896142475,17
elephant,1,0,1,0.0003154766782007788,17
elephant,1,0,0,0.0002198412187383497,17
elephant,0,1,1,0.000253225099432331,17
elephant,0,1,0,0.0001829682269307918,17
elephant,0,0,1,0.00021404672137435165,17
elephant,0,0,0,0.00012740029738391595,17
peacock,1,1,1,0.00048154521010924136,18
peacock,1,1,0,0.00019385738855532447,18
peacock,1,0,1,0.00012949119368846435,18
peacock,1,0,0,0.00008058888212227499,18
peacock,0,1,1,0.00021595792600299156,18
peacock,0,1,0,0.00009693751500260977,18
peacock,0,0,1,0.00012359146865385614,18
peacock,0,0,0,0.00006604319483093661,18
gorilla,1,1,1,0.00039715094654636974,18
gorilla,1,1,0,0.00018272319656300123,18
gorilla,1,0,1,0.00011756058356318677,18
gorilla,1,0,0,0.00009163558018701682,18
gorilla,0,1,1,0.00024984217537511413,18
gorilla,0,1,0,0.00014843855311472704,18
gorilla,0,0,1,0.00011055684562109389,18
gorilla,0,0,0,0.0001030293806755445,18
target,1,1,1,0.0002846851046691086,18
target,1,1,0,0.00017373345125214838,18
target,1,0,1,0.00014091559144165788,18
target,1,0,0,0.00011597760219727294,18
target,0,1,1,0.00020014606101282132,18
target,0,1,0,0.00017068139855459075,18
target,0,0,1,0.00017713636428019232,18
target,0,0,0,0.0001518106793978334,18
gazelle,1,1,1,0.0003590337354511093,18
gazelle,1,1,0,0.00021098387166951696,18
gazelle,1,0,1,0.00014688500860720105,18
gazelle,1,0,0,0.00012530673430438858,18
gazelle,0,1,1,0.00022174953366889367,18
gazelle,0,1,0,0.00016482353738201143,18
gazelle,0,0,1,0.00011203512982155765,18
gazelle,0,0,0,0.00005581273643277347,18
person,1,1,1,0.12022159428957482,18
person,1,1,0,0.12990934434902396,18
person,1,0,1,0.09013919209833827,18
person,1,0,0,0.09829525616254316,18
person,0,1,1,0.13792850012624314,18
person,0,1,0,0.14157912210800316,18
person,0,0,1,0.12783418036691205,18
person,0,0,0,0.14426331584174376,18
lion,1,1,1,0.0002970812270738355,18
lion,1,1,0,0.00016734795580984683,18
lion,1,0,1,0.00011921245665971942,18
lion,1,0,0,0.00006737590592354419,18
lion,0,1,1,0.00023827776524994133,18
lion,0,1,0,0.00014784100672930598,18
lion,0,0,1,0.00024747720351823695,18
lion,0,0,0,0.00013492819731099367,18
ox,1,1,1,0.00029754321486284317,18
ox,1,1,0,0.00022152714311404048,18
ox,1,0,1,0.00017293112938765264,18
ox,1,0,0,0.00013806182684945832,18
ox,0,1,1,0.0001904631079568057,18
ox,0,1,0,0.00015825400135242862,18
ox,0,0,1,0.000134292886311968,18
ox,0,0,0,0.00008842727037927364,18
cheetah,1,1,1,0.00032907034867069946,18
cheetah,1,1,0,0.0001422500945618921,18
cheetah,1,0,1,0.00017166396847853905,18
cheetah,1,0,0,0.00012062041425257917,18
cheetah,0,1,1,0.00022268099232230975,18
cheetah,0,1,0,0.00013636765303187145,18
cheetah,0,0,1,0.00017043881708679297,18
cheetah,0,0,0,0.00011469348996822488,18
target,1,1,1,0.00036155516667189656,19
target,1,1,0,0.00027418533396353774,19
target,1,0,1,0.00020433601910701968,19
target,1,0,0,0.00018510827997993192,19
target,0,1,1,0.0002946970700722385,19
target,0,1,0,0.0002707718563334184,19
target,0,0,1,0.0002126327795487476,19
target,0,0,0,0.00018521438710405262,19
frog,1,1,1,0.00036317750594539524,19
frog,1,1,0,0.0002746449035679122,19
frog,1,0,1,0.00022574434729449687,19
frog,1,0,0,0.00017724518659500697,19
frog,0,1,1,0.0003008561321201094,19
frog,0,1,0,0.00026364239613674355,19
frog,0,0,1,0.00021255016353481082,19
frog,0,0,0,0.00016944255316634217,19
person,1,1,1,0.11554804073220737,19
person,1,1,0,0.12286109962473438,19
person,1,0,1,0.0986561556268851,19
person,1,0,0,0.10710241694173162,19
person,0,1,1,0.12893428573772403,19
person,0,1,0,0.13100097877483222,19
person,0,0,1,0.13763263628679234,19
person,0,0,0,0.14835336162673782,19
rabbit,1,1,1,0.0004938832808541846,19
rabbit,1,1,0,0.00025600603194586753,19
rabbit,1,0,1,0.00020163389673121017,19
rabbit,1,0,0,0.00017637252083074553,19
rabbit,0,1,1,0.00032153714479413387,19
rabbit,0,1,0,0.0002046539355731572,19
rabbit,0,0,1,0.00020599630298131336,19
rabbit,0,0,0,0.00011963669820624784,19
kitten,1,1,1,0.0004555945496716842,19
kitten,1,1,0,0.0003514717180042575,19
kitten,1,0,1,0.00017349812980992145,19
kitten,1,0,0,0.00012647830988659045,19
kitten,0,1,1,0.0003308259038585949,19
kitten,0,1,0,0.00027336530500897996,19
kitten,0,0,1,0.00016585483867661495,19
kitten,0,0,0,0.00010246427933007747,19
puppy,1,1,1,0.000504192014269892,19
puppy,1,1,0,0.0003387916717571635,19
puppy,1,0,1,0.00018010929183128675,19
puppy,1,0,0,0.00013410181465200118,19
puppy,0,1,1,0.00036125411800521067,19
puppy,0,1,0,0.0002242546402827969,19
puppy,0,0,1,0.00012842044527209848,19
puppy,0,0,0,0.00010482372497933051,19
target,1,1,1,0.00045515756275174297,20
target,1,1,0,0.00019242563938768372,20
target,1,0,1,0.00020228021833415183,20
target,1,0,0,0.0001264608529035615,20
target,0,1,1,0.00022923072782226548,20
target,0,1,0,0.00014668436844905686,20
target,0,0,1,0.00017913500915362474,20
target,0,0,0,0.0001258879690545417,20
gorilla,1,1,1,0.000473716915569524,20
gorilla,1,1,0,0.00021531387698368624,20
gorilla,1,0,1,0.00030566854695432394,20
gorilla,1,0,0,0.0001261476760003679,20
gorilla,0,1,1,0.0001676636394831893,20
gorilla,0,1,0,0.00013019000820952182,20
gorilla,0,0,1,0.00014080232679799655,20
gorilla,0,0,0,0.00009206274878968342,20
bear,1,1,1,0.00036827322345854796,20
bear,1,1,0,0.0001956976465119609,20
bear,1,0,1,0.00020017586113576027,20
bear,1,0,0,0.00016312136014089764,20
bear,0,1,1,0.00025394573381921155,20
bear,0,1,0,0.0001683198027218282,20
bear,0,0,1,0.000164132093697375,20
bear,0,0,0,0.00014473166500287616,20
tiger,1,1,1,0.0006086004757993388,20
tiger,1,1,0,0.00024412624282912836,20
tiger,1,0,1,0.0001785056698557466,20
tiger,1,0,0,0.00012723631402427823,20
tiger,0,1,1,0.0001730686375487664,20
tiger,0,1,0,0.0001145308710273257,20
tiger,0,0,1,0.00013386002082870036,20
tiger,0,0,0,0.00007202073128921398,20
person,1,1,1,0.11111860843415244,20
person,1,1,0,0.08107761112760407,20
person,1,0,1,0.09215660155974002,20
person,1,0,0,0.08930005495551517,20
person,0,1,1,0.13640514514788965,20
person,0,1,0,0.13491939461471583,20
person,0,0,1,0.17096975315154161,20
person,0,0,0,0.1741264987296432,20
snake,1,1,1,0.0005222650103173787,20
snake,1,1,0,0.00018593869586017872,20
snake,1,0,1,0.0002360297248817531,20
snake,1,0,0,0.000148946317552484,20
snake,0,1,1,0.00020697626005820784,20
snake,0,1,0,0.00011044300286755863,20
snake,0,0,1,0.00014505907798301694,20
snake,0,0,0,0.00009743234662903941,20
ox,1,1,1,0.0005341829689488749,20
ox,1,1,0,0.0001668033924063711,20
ox,1,0,1,0.0002696491199779384,20
ox,1,0,0,0.00009954289212870343,20
ox,0,1,1,0.0002125685883407938,20
ox,0,1,0,0.00009915382106354982,20
ox,0,0,1,0.00018283512188825723,20
ox,0,0,0,0.00008933150195759057,20
target,1,1,1,0.00023613237110745594,21
target,1,1,0,0.00018882967221974293,21
target,1,0,1,0.00017783707741757102,21
target,1,0,0,0.0001353386190010486,21
target,0,1,1,0.00021330697418259605,21
target,0,1,0,0.0001796836880622416,21
target,0,0,1,0.00015260288053284195,21
target,0,0,0,0.0001331021955755874,21
parrot,1,1,1,0.00038019345203662175,21
parrot,1,1,0,0.0001876986485161491,21
parrot,1,0,1,0.00011939033135727568,21
parrot,1,0,0,0.00010933594080895141,21
parrot,0,1,1,0.00020729236147935953,21
parrot,0,1,0,0.00017539016974171215,21
parrot,0,0,1,0.0001213489703171491,21
parrot,0,0,0,0.00010206546234604915,21
dolphin,1,1,1,0.00032795384184214295,21
dolphin,1,1,0,0.0001917316340895634,21
dolphin,1,0,1,0.00013640680012960444,21
dolphin,1,0,0,0.00013979861983227365,21
dolphin,0,1,1,0.00024705940395939414,21
dolphin,0,1,0,0.00017684389076547195,21
dolphin,0,0,1,0.00011090646921589217,21
dolphin,0,0,0,0.00007301884913513156,21
dog,1,1,1,0.0003444039446810636,21
dog,1,1,0,0.00018843802887366727,21
dog,1,0,1,0.00015594373050754047,21
dog,1,0,0,0.0001152934425671726,21
dog,0,1,1,0.00021030475412306236,21
dog,0,1,0,0.00018298796677738508,21
dog,0,0,1,0.00012422961627528675,21
dog,0,0,0,0.00008114696576759621,21
cat,1,1,1,0.00035046401409239244,21
cat,1,1,0,0.0001995711183724077,21
cat,1,0,1,0.0001661172776704862,21
cat,1,0,0,0.00012567600418917483,21
cat,0,1,1,0.0001793559523062468,21
cat,0,1,0,0.00016329616992366558,21
cat,0,0,1,0.00012219800167090824,21
cat,0,0,0,0.0000923485042727787,21
hyena,1,1,1,0.00031798784738474483,21
hyena,1,1,0,0.0002122916117016224,21
hyena,1,0,1,0.00018816895973570452,21
hyena,1,0,0,0.00013227659792041394,21
hyena,0,1,1,0.00020114111537002747,21
hyena,0,1,0,0.00014673499009718656,21
hyena,0,0,1,0.00010938386456095765,21
hyena,0,0,0,0.00009061435159064996,21
person,1,1,1,0.13346102905382423,21
person,1,1,0,0.10905845241680547,21
person,1,0,1,0.12465627063257745,21
person,1,0,0,0.1049732300517906,21
person,0,1,1,0.11843017014255897,21
person,0,1,0,0.14132577506699745,21
person,0,0,1,0.12305836912050487,21
person,0,0,0,0.13521604874711968,21
kitten,1,1,1,0.00041513745855177424,21
kitten,1,1,0,0.00016291634932496556,21
kitten,1,0,1,0.00013628103526410978,21
kitten,1,0,0,0.00012481609017785512,21
kitten,0,1,1,0.00020783937820549044,21
kitten,0,1,0,0.0001371907589271623,21
kitten,0,0,1,0.00011520867681859315,21
kitten,0,0,0,0.00009762186644727148,21
bat,1,1,1,0.0003568347865270373,22
bat,1,1,0,0.00013795485874337242,22
bat,1,0,1,0.0002865135263749791,22
bat,1,0,0,0.0001275144004422082,22
bat,0,1,1,0.0001619780463663531,22
bat,0,1,0,0.0000921626752059198,22
bat,0,0,1,0.00017255000441190774,22
bat,0,0,0,0.00007513220066984483,22
target,1,1,1,0.00032175767981210124,22
target,1,1,0,0.00015158837939156607,22
target,1,0,1,0.00024658390257596127,22
target,1,0,0,0.0001201878104293904,22
target,0,1,1,0.00017329560387523775,22
target,0,1,0,0.00011559700373367333,22
target,0,0,1,0.00017932856507870608,22
target,0,0,0,0.00010812901736034387,22
dolphin,1,1,1,0.0003252468080130947,22
dolphin,1,1,0,0.000132680206799986,22
dolphin,1,0,1,0.0003597039099511589,22
dolphin,1,0,0,0.00011264793894185337,22
dolphin,0,1,1,0.00015452185517739048,22
dolphin,0,1,0,0.00008728257870473491,22
dolphin,0,0,1,0.0001531116104627558,22
dolphin,0,0,0,0.0000832577388209471,22
cat,1,1,1,0.0003485474387050203,22
cat,1,1,0,0.0001498123562845578,22
cat,1,0,1,0.0002663291877251381,22
cat,1,0,0,0.00012100372122121485,22
cat,0,1,1,0.00021460991499875669,22
cat,0,1,0,0.00007694859249705791,22
cat,0,0,1,0.00017177645561156023,22
cat,0,0,0,0.00006377694946819162,22
person,1,1,1,0.1011916036969225,22
person,1,1,0,0.14716494248324047,22
person,1,0,1,0.0993218016904311,22
person,1,0,0,0.13274481607024477,22
person,0,1,1,0.1072575537726053,22
person,0,1,0,0.1488980132449742,22
person,0,0,1,0.10871322631450632,22
person,0,0,0,0.14482977733318905,22
snake,1,1,1,0.00036551101336828093,22
snake,1,1,0,0.00012907776883843187,22
snake,1,0,1,0.0003003574005744267,22
snake,1,0,0,0.0001144303128886624,22
snake,0,1,1,0.0001613763628563863,22
snake,0,1,0,0.00009273896706808473,22
snake,0,0,1,0.0001536270065920018,22
snake,0,0,0,0.00009346330241005496,22
elephant,1,1,1,0.00032732858021628213,22
elephant,1,1,0,0.00017404409908110252,22
elephant,1,0,1,0.00026808257072722253,22
elephant,1,0,0,0.00017328388482874138,22
elephant,0,1,1,0.00014447140167022957,22
elephant,0,1,0,0.00009331176539344547,22
elephant,0,0,1,0.00014909646716309617,22
elephant,0,0,0,0.0000783228967816433,22
mouse,1,1,1,0.0003534217396486223,22
mouse,1,1,0,0.00013464811084146054,22
mouse,1,0,1,0.0002966255877429797,22
mouse,1,0,0,0.00011325026540803899,22
mouse,0,1,1,0.0001722923222721806,22
mouse,0,1,0,0.00007655063211396706,22
mouse,0,0,1,0.00019705221318723742,22
mouse,0,0,0,0.00006753499783154127,22
turtle,1,1,1,0.0004084661262112546,23
turtle,1,1,0,0.00020955513623219457,23
turtle,1,0,1,0.00015156087087916996,23
turtle,1,0,0,0.00011456036447647221,23
turtle,0,1,1,0.00023136571210731894,23
turtle,0,1,0,0.00011962728684539734,23
turtle,0,0,1,0.0000836993682951764,23
turtle,0,0,0,0.00008512556790642662,23
sloth,1,1,1,0.0005104338173262632,23
sloth,1,1,0,0.00019195730835263483,23
sloth,1,0,1,0.0001416838374730691,23
sloth,1,0,0,0.00011926968170336594,23
sloth,0,1,1,0.00016107915574121206,23
sloth,0,1,0,0.00012668375099723645,23
sloth,0,0,1,0.00007913343421763021,23
sloth,0,0,0,0.00006345336749536194,23
target,1,1,1,0.0003253076234997294,23
target,1,1,0,0.00019672563289636037,23
target,1,0,1,0.00017716748176096952,23
target,1,0,0,0.00014072388540417341,23
target,0,1,1,0.00019445224902152355,23
target,0,1,0,0.0001535172204311225,23
target,0,0,1,0.00012468013042353664,23
target,0,0,0,0.00009888076587051165,23
gorilla,1,1,1,0.00035556695383644226,23
gorilla,1,1,0,0.00018714089633313274,23
gorilla,1,0,1,0.00020636889894790574,23
gorilla,1,0,0,0.00014993364836586587,23
gorilla,0,1,1,0.00021588342441551526,23
gorilla,0,1,0,0.00010608918076521822,23
gorilla,0,0,1,0.0001065694115034058,23
gorilla,0,0,0,0.00007601062564182951,23
bear,1,1,1,0.0003817032472164132,23
bear,1,1,0,0.00020042888320499997,23
bear,1,0,1,0.00017575829663175034,23
bear,1,0,0,0.00015833401864254014,23
bear,0,1,1,0.00017490261667937206,23
bear,0,1,0,0.00011799169489502018,23
bear,0,0,1,0.0001230771649389034,23
bear,0,0,0,0.00006950153335544459,23
person,1,1,1,0.13002329962779216,23
person,1,1,0,0.1258728453274252,23
person,1,0,1,0.11793214143946504,23
person,1,0,0,0.12777687602495827,23
person,0,1,1,0.1305260704306568,23
person,0,1,0,0.10765935261258361,23
person,0,0,1,0.13319941103617414,23
person,0,0,0,0.11720023722304486,23
lion,1,1,1,0.0004304120213103298,23
lion,1,1,0,0.00022375660469326725,23
lion,1,0,1,0.0001412960973420296,23
lion,1,0,0,0.00012910870406900051,23
lion,0,1,1,0.00023119298692302694,23
lion,0,1,0,0.00009729663446394137,23
lion,0,0,1,0.000097808487046836,23
lion,0,0,0,0.000047736127326777755,23
elephant,1,1,1,0.0003561442677715425,23
elephant,1,1,0,0.0002473786857537306,23
elephant,1,0,1,0.0001949761542833527,23
elephant,1,0,0,0.0001627455941203931,23
elephant,0,1,1,0.00017252972919484262,23
elephant,0,1,0,0.00009872950210681886,23
elephant,0,0,1,0.00010192062860961987,23
elephant,0,0,0,0.00006236378194243302,23
polar-bear,1,1,1,0.0003976362942614118,24
polar-bear,1,1,0,0.0002698892364881556,24
polar-bear,1,0,1,0.0002196553461905239,24
polar-bear,1,0,0,0.00018152610897845327,24
polar-bear,0,1,1,0.0001395787270543053,24
polar-bear,0,1,0,0.0001140730644554983,24
polar-bear,0,0,1,0.00007763838769701944,24
polar-bear,0,0,0,0.00004928356740308411,24
target,1,1,1,0.0003671797403224193,24
target,1,1,0,0.0002651523106761838,24
target,1,0,1,0.0002461918511125471,24
target,1,0,0,0.000223538982693594,24
target,0,1,1,0.00008638016640453893,24
target,0,1,0,0.00008727376494420537,24
target,0,0,1,0.00009530282570050914,24
target,0,0,0,0.00008710417592395699,24
hyena,1,1,1,0.0004491887476957647,24
hyena,1,1,0,0.00026328358651871674,24
hyena,1,0,1,0.00018640802619875567,24
hyena,1,0,0,0.00017200683141780466,24
hyena,0,1,1,0.00013946179326260947,24
hyena,0,1,0,0.00009660975605773256,24
hyena,0,0,1,0.00008565684794106705,24
hyena,0,0,0,0.00005537818529628824,24
person,1,1,1,0.1246434318714832,24
person,1,1,0,0.12256954734677464,24
person,1,0,1,0.13310411044474657,24
person,1,0,0,0.13600532967781573,24
person,0,1,1,0.1287583400676756,24
person,0,1,0,0.12339291632125932,24
person,0,0,1,0.1148838000846913,24
person,0,0,0,0.10647677133865435,24
snake,1,1,1,0.00043928727433803814,24
snake,1,1,0,0.00025330779265203405,24
snake,1,0,1,0.00022005196284327643,24
snake,1,0,0,0.0001881412234828668,24
snake,0,1,1,0.00013450073576096907,24
snake,0,1,0,0.00007869105209973007,24
snake,0,0,1,0.00007103002680290323,24
snake,0,0,0,0.00006741305274088742,24
kitten,1,1,1,0.0004357341605474874,24
kitten,1,1,0,0.00026817567720976965,24
kitten,1,0,1,0.00020484536650011752,24
kitten,1,0,0,0.00018371132902682394,24
kitten,0,1,1,0.00010603446326127676,24
kitten,0,1,0,0.00009597793253450264,24
kitten,0,0,1,0.00008566818808055031,24
kitten,0,0,0,0.00007237907068397204,24
puppy,1,1,1,0.0006185682879480033,24
puppy,1,1,0,0.000249625521298754,24
puppy,1,0,1,0.00020826786395316288,24
puppy,1,0,0,0.00013656976565079205,24
puppy,0,1,1,0.00008875393426669884,24
puppy,0,1,0,0.00006718152425657961,24
puppy,0,0,1,0.00004863534584365222,24
puppy,0,0,0,0.00003926044862737126,24
monkey,1,1,1,0.0004288072302633332,24
monkey,1,1,0,0.0002517760150290442,24
monkey,1,0,1,0.0002183796091925339,24
monkey,1,0,0,0.00016155854230279646,24
monkey,0,1,1,0.0001304256508370068,24
monkey,0,1,0,0.00009399370107067243,24
monkey,0,0,1,0.00009416161777813742,24
monkey,0,0,0,0.00006944015532024119,24
hippo,1,1,1,0.0004779747554480547,25
hippo,1,1,0,0.00014017206591151985,25
hippo,1,0,1,0.00018490148657065484,25
hippo,1,0,0,0.00009294885496390176,25
hippo,0,1,1,0.00023376278861261173,25
hippo,0,1,0,0.00013124491607279293,25
hippo,0,0,1,0.00009627015168298418,25
hippo,0,0,0,0.00008970056002718572,25
skunk,1,1,1,0.00040033276180791383,25
skunk,1,1,0,0.00019614413984398121,25
skunk,1,0,1,0.00020948056840699482,25
skunk,1,0,0,0.00012137955547807812,25
skunk,0,1,1,0.000186215252571632,25
skunk,0,1,0,0.00015280820750212076,25
skunk,0,0,1,0.00011742172120181589,25
skunk,0,0,0,0.00006426093792924215,25
target,1,1,1,0.0004839050833530313,25
target,1,1,0,0.0001618017022927689,25
target,1,0,1,0.0001732522500883361,25
target,1,0,0,0.00010556130407368502,25
target,0,1,1,0.00017444248291544415,25
target,0,1,0,0.0001449971244204885,25
target,0,0,1,0.00010406517315350838,25
target,0,0,0,0.00010032530735468807,25
dog,1,1,1,0.00038309809081796774,25
dog,1,1,0,0.00017586613672311723,25
dog,1,0,1,0.00022834109085470146,25
dog,1,0,0,0.000122155055970546,25
dog,0,1,1,0.0002092619304817787,25
dog,0,1,0,0.00016807945027724343,25
dog,0,0,1,0.00008580406738377073,25
dog,0,0,0,0.00007409432206024521,25
cat,1,1,1,0.00042773086969945246,25
cat,1,1,0,0.0001264890204111175,25
cat,1,0,1,0.00022328176957966234,25
cat,1,0,0,0.0001142408060442088,25
cat,0,1,1,0.00018329924763639077,25
cat,0,1,0,0.0001687595146666179,25
cat,0,0,1,0.0001207295096208618,25
cat,0,0,0,0.00008057126519061739,25
person,1,1,1,0.16455589377097174,25
person,1,1,0,0.09522067870209423,25
person,1,0,1,0.15983790096940628,25
person,1,0,0,0.08902254440206747,25
person,0,1,1,0.11083946382373396,25
person,0,1,0,0.12248066134103622,25
person,0,0,1,0.10469890009798657,25
person,0,0,0,0.14321779884580438,25
rat,1,1,1,0.0003659643983314282,25
rat,1,1,0,0.00021832941633317593,25
rat,1,0,1,0.00017739967861641728,25
rat,1,0,0,0.00013365426166458006,25
rat,0,1,1,0.00018893408895651073,25
rat,0,1,0,0.0001550772487866806,25
rat,0,0,1,0.00010866973796275316,25
rat,0,0,0,0.00009689915749021222,25
baboon,1,1,1,0.0004641091461101013,25
baboon,1,1,0,0.0001661190784684431,25
baboon,1,0,1,0.00015776448605185733,25
baboon,1,0,0,0.00009297033894816057,25
baboon,0,1,1,0.0002606066999874602,25
baboon,0,1,0,0.00010665880263431427,25
baboon,0,0,1,0.00010801946486231535,25
baboon,0,0,0,0.00008981074259310407,25
target,1,1,1,0.0004280320597075748,26
target,1,1,0,0.0002378321715821496,26
target,1,0,1,0.0001301283215708197,26
target,1,0,0,0.00014423674460134971,26
target,0,1,1,0.0001714365103693404,26
target,0,1,0,0.00014234669523577678,26
target,0,0,1,0.00008738643392384323,26
target,0,0,0,0.00009895978735638853,26
gazelle,1,1,1,0.0004546137284023891,26
gazelle,1,1,0,0.0002818501863187874,26
gazelle,1,0,1,0.00015066872627247146,26
gazelle,1,0,0,0.00013472915883217166,26
gazelle,0,1,1,0.00018773732507617385,26
gazelle,0,1,0,0.00010905983988702068,26
gazelle,0,0,1,0.00007307435382964623,26
gazelle,0,0,0,0.00005246326249205506,26
bear,1,1,1,0.000407203935687277,26
bear,1,1,0,0.0002844289874604033,26
bear,1,0,1,0.0001130712602483944,26
bear,1,0,0,0.00011971977754030293,26
bear,0,1,1,0.00020991789621993112,26
bear,0,1,0,0.00016954174980934221,26
bear,0,0,1,0.00008345378843951274,26
bear,0,0,0,0.00005258530662439086,26
cat,1,1,1,0.00040479794600144816,26
cat,1,1,0,0.0002774024815165441,26
cat,1,0,1,0.00010684558267519493,26
cat,1,0,0,0.00011189201919949108,26
cat,0,1,1,0.00019820358395364817,26
cat,0,1,0,0.0001875184617751695,26
cat,0,0,1,0.00008431849088523815,26
cat,0,0,0,0.00006792909287091054,26
person,1,1,1,0.08669343414467805,26
person,1,1,0,0.08617165562046447,26
person,1,0,1,0.16499519588118622,26
person,1,0,0,0.16085425029073364,26
person,0,1,1,0.08131244980043822,26
person,0,1,0,0.08067125594250174,26
person,0,0,1,0.1592251745385076,26
person,0,0,0,0.1699931861453031,26
kitten,1,1,1,0.0003924362164900238,26
kitten,1,1,0,0.000195546285397521,26
kitten,1,0,1,0.00013043660198824508,26
kitten,1,0,0,0.00011522814454817513,26
kitten,0,1,1,0.00024741322932761905,26
kitten,0,1,0,0.00015809989737229147,26
kitten,0,0,1,0.00011140485608129542,26
kitten,0,0,0,0.00008410253041281363,26
cheetah,1,1,1,0.00043172443512705784,26
cheetah,1,1,0,0.0002708806095299977,26
cheetah,1,0,1,0.00014222300436211285,26
cheetah,1,0,0,0.0001252255215543395,26
cheetah,0,1,1,0.00018224973285168122,26
cheetah,0,1,0,0.00014083870795340066,26
cheetah,0,0,1,0.00008835419300238691,26
cheetah,0,0,0,0.00006028467614559937,26
puppy,1,1,1,0.0006051885084053056,26
puppy,1,1,0,0.0002314632516257645,26
puppy,1,0,1,0.00009514484592970763,26
puppy,1,0,0,0.00008206894893645067,26
puppy,0,1,1,0.00015770875569920688,26
puppy,0,1,0,0.00011894142559747343,26
puppy,0,0,1,0.0000823218915079418,26
puppy,0,0,0,0.00007072569997558456,26
target,1,1,1,0.0007541387775758653,27
target,1,1,0,0.0002365977100022441,27
target,1,0,1,0.00024219035275446644,27
target,1,0,0,0.00017513352999386428,27
target,0,1,1,0.00024944190911802694,27
target,0,1,0,0.00012694424713631457,27
target,0,0,1,0.00013017678266014098,27
target,0,0,0,0.00013827668433799838,27
bear,1,1,1,0.0007138069592308179,27
bear,1,1,0,0.00021612654055425088,27
bear,1,0,1,0.0001979350604187839,27
bear,1,0,0,0.0001555194280302554,27
bear,0,1,1,0.0003152399953245136,27
bear,0,1,0,0.00015362730498141522,27
bear,0,0,1,0.00015782569784865536,27
bear,0,0,0,0.00013074888773047737,27
cat,1,1,1,0.0007707629502275872,27
cat,1,1,0,0.0002396817105538954,27
cat,1,0,1,0.00019556942339702063,27
cat,1,0,0,0.0001905370625730427,27
cat,0,1,1,0.00023390764774327752,27
cat,0,1,0,0.00015951228708257096,27
cat,0,0,1,0.0001378580867131172,27
cat,0,0,0,0.00012354625649307335,27
person,1,1,1,0.1541451777475633,27
person,1,1,0,0.11425052701292353,27
person,1,0,1,0.12234461936214988,27
person,1,0,0,0.12485713221315538,27
person,0,1,1,0.11227352814040926,27
person,0,1,0,0.10415983054664797,27
person,0,0,1,0.10700656331260852,27
person,0,0,0,0.15071443348213254,27
lion,1,1,1,0.0006471743162255348,27
lion,1,1,0,0.00028887324450871106,27
lion,1,0,1,0.0002462007240714307,27
lion,1,0,0,0.00021612384928643085,27
lion,0,1,1,0.00022799697543726864,27
lion,0,1,0,0.0001352427147053024,27
lion,0,0,1,0.0001526078996732681,27
lion,0,0,0,0.00013434848438472464,27
snake,1,1,1,0.0007065195377160764,27
snake,1,1,0,0.0002890251407766581,27
snake,1,0,1,0.00025081008423971375,27
snake,1,0,0,0.00018587725494025902,27
snake,0,1,1,0.0002272991328227999,27
snake,0,1,0,0.0001498524362348069,27
snake,0,0,1,0.00014194284725502188,27
snake,0,0,0,0.00010318824764991093,27
lamb,1,1,1,0.0003838676467046554,28
lamb,1,1,0,0.0003898662246400264,28
lamb,1,0,1,0.0001290145630805735,28
lamb,1,0,0,0.0001213088123763857,28
lamb,0,1,1,0.0001155495525976557,28
lamb,0,1,0,0.0000887076231130093,28
lamb,0,0,1,0.00009257851334388443,28
lamb,0,0,0,0.00008741878244496789,28
target,1,1,1,0.0003695460230546898,28
target,1,1,0,0.00026467656663898756,28
target,1,0,1,0.00017069867519173732,28
target,1,0,0,0.00014207144581672538,28
target,0,1,1,0.0001277493437653213,28
target,0,1,0,0.00010298460656218183,28
target,0,0,1,0.0001274489416837448,28
target,0,0,0,0.00010779435695238611,28
dog,1,1,1,0.00045404313184664797,28
dog,1,1,0,0.00024356604273476215,28
dog,1,0,1,0.00013962588446919018,28
dog,1,0,0,0.0001287210583858186,28
dog,0,1,1,0.000159062834968247,28
dog,0,1,0,0.00013371324514233868,28
dog,0,0,1,0.00007522466695624495,28
dog,0,0,0,0.00007524534219535737,28
cat,1,1,1,0.0004956426871661055,28
cat,1,1,0,0.0003697957907227645,28
cat,1,0,1,0.00010023831539171501,28
cat,1,0,0,0.00010328160373865403,28
cat,0,1,1,0.00008869911208557404,28
cat,0,1,0,0.00009527773818682883,28
cat,0,0,1,0.00008709889009128716,28
cat,0,0,0,0.00006580651453610247,28
person,1,1,1,0.07960468334220683,28
person,1,1,0,0.07592187312804283,28
person,1,0,1,0.0855293580933001,28
person,1,0,0,0.08130754345948528,28
person,0,1,1,0.1029596609628637,28
person,0,1,0,0.10458060306644024,28
person,0,0,1,0.2241888823905878,28
person,0,0,0,0.23604744275606637,28
mammoth,1,1,1,0.0005076278456280401,28
mammoth,1,1,0,0.00031337683558201995,28
mammoth,1,0,1,0.00014920917064714808,28
mammoth,1,0,0,0.00009796365402589515,28
mammoth,0,1,1,0.00009661695896148079,28
mammoth,0,1,0,0.0000788308269864601,28
mammoth,0,0,1,0.0001006896837912884,28
mammoth,0,0,0,0.00006345542745104472,28
rabbit,1,1,1,0.000438273470232913,28
rabbit,1,1,0,0.00036881525072592254,28
rabbit,1,0,1,0.00015403329137606388,28
rabbit,1,0,0,0.00012289491080000114,28
rabbit,0,1,1,0.00010177053106786316,28
rabbit,0,1,0,0.00006942469502822416,28
rabbit,0,0,1,0.00008108538640224749,28
rabbit,0,0,0,0.00007147123632581151,28
ox,1,1,1,0.00043656742746287874,28
ox,1,1,0,0.00031845710903805486,28
ox,1,0,1,0.0001329454284157288,28
ox,1,0,0,0.00009477401103498367,28
ox,0,1,1,0.00015696857214528517,28
ox,0,1,0,0.00010685063138181355,28
ox,0,0,1,0.00009514049932079957,28
ox,0,0,0,0.00006638541059063657,28
target,1,1,1,0.00041921109027831337,29
target,1,1,0,0.00014550526734726966,29
target,1,0,1,0.0002159640479197716,29
target,1,0,0,0.0001423456992487428,29
target,0,1,1,0.00013795789557087825,29
target,0,1,0,0.00013486898596167432,29
target,0,0,1,0.00010637709686826305,29
target,0,0,0,0.00008317534138612225,29
snake,1,1,1,0.000432207990025198,29
snake,1,1,0,0.00021209628692818913,29
snake,1,0,1,0.00023450143224993723,29
snake,1,0,0,0.00015882123037737504,29
snake,0,1,1,0.00010644457809297365,29
snake,0,1,0,0.00009841843323501331,29
snake,0,0,1,0.00008402418329612519,29
snake,0,0,0,0.00004875446984392561,29
bear,1,1,1,0.00042479111756562644,29
bear,1,1,0,0.0002059564818701268,29
bear,1,0,1,0.00022688016985463686,29
bear,1,0,0,0.00018300407793534664,29
bear,0,1,1,0.0000966899902841774,29
bear,0,1,0,0.00008184285579196006,29
bear,0,0,1,0.00008062671474176764,29
bear,0,0,0,0.00007479379016757569,29
person,1,1,1,0.06379484303647436,29
person,1,1,0,0.06116289138286281,29
person,1,0,1,0.061471072892014214,29
person,1,0,0,0.06659980194462278,29
person,0,1,1,0.18895756540165556,29
person,0,1,0,0.16342357846419828,29
person,0,0,1,0.1698211192114936,29
person,0,0,0,0.21514316179369025,29
lion,1,1,1,0.0004755932440616154,29
lion,1,1,0,0.0002273232336675244,29
lion,1,0,1,0.00021094832764237563,29
lion,1,0,0,0.0001569876807392136,29
lion,0,1,1,0.00010412812637160128,29
lion,0,1,0,0.00008084955166870178,29
lion,0,0,1,0.00007056631254018998,29
lion,0,0,0,0.00004605108073967454,29
wolf,1,1,1,0.0005245232984856146,29
wolf,1,1,0,0.00020970558950057734,29
wolf,1,0,1,0.0001829493082819387,29
wolf,1,0,0,0.00013115418000975032,29
wolf,0,1,1,0.0001274938507858063,29
wolf,0,1,0,0.00008252587118951473,29
wolf,0,0,1,0.00006702311484582904,29
wolf,0,0,0,0.000049613366666791894,29
zebra,1,1,1,0.00042676785100208585,29
zebra,1,1,0,0.00026936816086785666,29
zebra,1,0,1,0.00024558129793590043,29
zebra,1,0,0,0.00017082017168832252,29
zebra,0,1,1,0.00007505492032893661,29
zebra,0,1,0,0.00006744377069031518,29
zebra,0,0,1,0.00007408598565153764,29
zebra,0,0,0,0.00003915718204767869,29
bass,1,1,1,0.00042891038008443285,29
bass,1,1,0,0.0002100151083394446,29
bass,1,0,1,0.00022062658769905825,29
bass,1,0,0,0.00018213011522864864,29
bass,0,1,1,0.00014483426185207284,29
bass,0,1,0,0.00007934815117171874,29
bass,0,0,1,0.00007152641568785062,29
bass,0,0,0,0.000037600148674158514,29
hippo,1,1,1,0.0004557233338895514,30
hippo,1,1,0,0.00021340785046062752,30
hippo,1,0,1,0.00023109212985948383,30
hippo,1,0,0,0.00013958908270893925,30
hippo,0,1,1,0.00011227065055672455,30
hippo,0,1,0,0.00010003620152596072,30
hippo,0,0,1,0.00009003638681908763,30
hippo,0,0,0,0.00006385074213326381,30
horse,1,1,1,0.00038955447097534723,30
horse,1,1,0,0.0002034158303783647,30
horse,1,0,1,0.0002551927793878934,30
horse,1,0,0,0.00017412201036722381,30
horse,0,1,1,0.0001585116893704092,30
horse,0,1,0,0.0000860629559477508,30
horse,0,0,1,0.00009755580661904265,30
horse,0,0,0,0.000042621366825821825,30
target,1,1,1,0.0003793773839689495,30
target,1,1,0,0.0001739218046230628,30
target,1,0,1,0.00021678351805957868,30
target,1,0,0,0.0001414665700041351,30
target,0,1,1,0.00017035255999155855,30
target,0,1,0,0.00011769315834266023,30
target,0,0,1,0.00011870286691825417,30
target,0,0,0,0.00009607938096731596,30
gazelle,1,1,1,0.0004996846749381608,30
gazelle,1,1,0,0.0001466931779477834,30
gazelle,1,0,1,0.00027685859773154167,30
gazelle,1,0,0,0.00011082158203850999,30
gazelle,0,1,1,0.00017262914634795423,30
gazelle,0,1,0,0.00005874851685941961,30
gazelle,0,0,1,0.00009826236003508802,30
gazelle,0,0,0,0.0000421193989539453,30
swan,1,1,1,0.00035268241840639953,30
swan,1,1,0,0.00018268092954561708,30
swan,1,0,1,0.00024094202757728866,30
swan,1,0,0,0.00011925364458969783,30
swan,0,1,1,0.0001961684975013911,30
swan,0,1,0,0.00012002857125441759,30
swan,0,0,1,0.00012308875460580166,30
swan,0,0,0,0.00008050763838636727,30
person,1,1,1,0.10606474065216433,30
person,1,1,0,0.10692602251666565,30
person,1,0,1,0.12105139390402961,30
person,1,0,0,0.15024302976029752,30
person,0,1,1,0.13306181999601696,30
person,0,1,0,0.12499491430658038,30
person,0,0,1,0.11343572454719661,30
person,0,0,0,0.13435094137612189,30
lion,1,1,1,0.0003571425262018225,30
lion,1,1,0,0.00014847279909099492,30
lion,1,0,1,0.00021134313156393863,30
lion,1,0,0,0.00012811396908441738,30
lion,0,1,1,0.000227742332768041,30
lion,0,1,0,0.00010575662600864997,30
lion,0,0,1,0.00014211955398378228,30
lion,0,0,0,0.00009787456665970724,30
elephant,1,1,1,0.00042496177239369226,30
elephant,1,1,0,0.00023022375235100736,30
elephant,1,0,1,0.0002443025688685391,30
elephant,1,0,0,0.00016751949770836026,30
elephant,0,1,1,0.00014460453106192203,30
elephant,0,1,0,0.00008305550868061564,30
elephant,0,0,1,0.0000662284647792928,30
elephant,0,0,0,0.00004336087230145219,30
target,1,1,1,0.00036573993442208524,31
target,1,1,0,0.0002473057601923242,31
target,1,0,1,0.0001555618837658632,31
target,1,0,0,0.00022530288099069894,31
target,0,1,1,0.00015214643335819585,31
target,0,1,0,0.00015389837337609997,31
target,0,0,1,0.00014136695756337777,31
target,0,0,0,0.0002161753427706383,31
bear,1,1,1,0.0003913463698367449,31
bear,1,1,0,0.0003142971260184559,31
bear,1,0,1,0.00017648738233495953,31
bear,1,0,0,0.00021868192007482696,31
bear,0,1,1,0.00015558624999573913,31
bear,0,1,0,0.00014416712849735954,31
bear,0,0,1,0.00010508531242205329,31
bear,0,0,0,0.00014619818221062492,31
cat,1,1,1,0.00037380183167001627,31
cat,1,1,0,0.0002606643733876612,31
cat,1,0,1,0.00020738790353745293,31
cat,1,0,0,0.00021132744695893875,31
cat,0,1,1,0.00012672820373769024,31
cat,0,1,0,0.00015631888810620646,31
cat,0,0,1,0.00011512170578213763,31
cat,0,0,0,0.00020383920557501365,31
person,1,1,1,0.15683321124537306,31
person,1,1,0,0.11383068142392361,31
person,1,0,1,0.08964990531602286,31
person,1,0,0,0.12030717552718956,31
person,0,1,1,0.10317620451054203,31
person,0,1,0,0.11275846697979797,31
person,0,0,1,0.09466579095137602,31
person,0,0,0,0.19885452946105503,31
lion,1,1,1,0.0003908367823584063,31
lion,1,1,0,0.0002969632491435028,31
lion,1,0,1,0.0001945067846467931,31
lion,1,0,0,0.0001974340125448612,31
lion,0,1,1,0.00015711588637345558,31
lion,0,1,0,0.0001419263849581279,31
lion,0,0,1,0.0001406224768947991,31
lion,0,0,0,0.00013314866499596856,31
snake,1,1,1,0.00035579199811854885,31
snake,1,1,0,0.00031949137616739794,31
snake,1,0,1,0.0001437577233269094,31
snake,1,0,0,0.0001525959967018812,31
snake,0,1,1,0.00020918196599194422,31
snake,0,1,0,0.00015463373874517402,31
snake,0,0,1,0.00016326319792152465,31
snake,0,0,0,0.000157176488900842,31
bull,1,1,1,0.00041512205006989715,31
bull,1,1,0,0.0003257412570267042,31
bull,1,0,1,0.00016745212692251529,31
bull,1,0,0,0.00018163965969897916,31
bull,0,1,1,0.00016609814899787724,31
bull,0,1,0,0.00014677173397989956,31
bull,0,0,1,0.00012933217540849186,31
bull,0,0,0,0.00011889390824039343,31
peacock,1,1,1,0.0005599590218671303,32
peacock,1,1,0,0.00025603947080890483,32
peacock,1,0,1,0.00035038695467578694,32
peacock,1,0,0,0.00020050591742022623,32
peacock,0,1,1,0.000085863273755211,32
peacock,0,1,0,0.00006426926025467728,32
peacock,0,0,1,0.00007353675645593723,32
peacock,0,0,0,0.000048131045627032484,32
target,1,1,1,0.0004823041888074151,32
target,1,1,0,0.00026253283021107946,32
target,1,0,1,0.0003667154876291309,32
target,1,0,0,0.0002677852032889729,32
target,0,1,1,0.00007428330098065956,32
target,0,1,0,0.0000603035997093603,32
target,0,0,1,0.00007179140319481426,32
target,0,0,0,0.000057747810064508115,32
gazelle,1,1,1,0.0005256071121385278,32
gazelle,1,1,0,0.0002622909878250427,32
gazelle,1,0,1,0.0004179370991643762,32
gazelle,1,0,0,0.00022125174724516676,32
gazelle,0,1,1,0.00007017925225308488,32
gazelle,0,1,0,0.00005232900822348555,32
gazelle,0,0,1,0.00006894908292218062,32
gazelle,0,0,0,0.000034553258582936435,32
tiger,1,1,1,0.0005325167553280569,32
tiger,1,1,0,0.00029200007451368087,32
tiger,1,0,1,0.0003041050724299257,32
tiger,1,0,0,0.0002464557049182005,32
tiger,0,1,1,0.00007916526786044078,32
tiger,0,1,0,0.00006533568293127189,32
tiger,0,0,1,0.00006868822949557455,32
tiger,0,0,0,0.000053182184757114915,32
person,1,1,1,0.07134674509528237,32
person,1,1,0,0.06976033567460246,32
person,1,0,1,0.07464254572321231,32
person,1,0,0,0.06807476492427174,32
person,0,1,1,0.1544574003159006,32
person,0,1,0,0.16147129196196944,32
person,0,0,1,0.19186583323508755,32
person,0,0,0,0.1968815504076687,32
cheetah,1,1,1,0.0005890252983725837,32
cheetah,1,1,0,0.00026436043634244996,32
cheetah,1,0,1,0.0003433398459922871,32
cheetah,1,0,0,0.00018908133440888208,32
cheetah,0,1,1,0.00008539250052144605,32
cheetah,0,1,0,0.00005779569957769659,32
cheetah,0,0,1,0.00007279772631786784,32
cheetah,0,0,0,0.00004063827858017346,32
bird,1,1,1,0.0005901985452455729,32
bird,1,1,0,0.00027478767294213504,32
bird,1,0,1,0.0004372937024424561,32
bird,1,0,0,0.00022060427537766425,32
bird,0,1,1,0.00005158152485275994,32
bird,0,1,0,0.00003441811337689681,32
bird,0,0,1,0.000039464084108256154,32
bird,0,0,0,0.000026011314943629314,32
bass,1,1,1,0.00049704163986215,32
bass,1,1,0,0.00022550371952387836,32
bass,1,0,1,0.0003364997805037614,32
bass,1,0,0,0.00016641438511941163,32
bass,0,1,1,0.00015002799210416383,32
bass,0,1,0,0.00007666177359831153,32
bass,0,0,1,0.00008586921091293803,32
bass,0,0,0,0.00006802176163795344,32
