target,1,1,1,0.0006878859936540456,1
target,1,1,0,0.0003716858144841079,1
target,1,0,1,0.00034993934076826925,1
target,1,0,0,0.0003089996798692273,1
target,0,1,1,0.00004114641403839121,1
target,0,1,0,0.00002968685542463616,1
target,0,0,1,0.00002292916881105628,1
target,0,0,0,0.000014777229825276354,1
gorilla,1,1,1,0.00024312549061596375,1
gorilla,1,1,0,0.000265257258949749,1
gorilla,1,0,1,0.00020098376345418104,1
gorilla,1,0,0,0.000148497420183125,1
gorilla,0,1,1,0.0000801062158068651,1
gorilla,0,1,0,0.00007275156529735903,1
gorilla,0,0,1,0.00003822937286778947,1
gorilla,0,0,0,0.000035142919963364016,1
bee,1,1,1,0.0006408490270680834,1
bee,1,1,0,0.00024745138784407005,1
bee,1,0,1,0.0005122959324286246,1
bee,1,0,0,0.00023364533834884096,1
bee,0,1,1,0.00004706061687258871,1
bee,0,1,0,0.000026355891769241372,1
bee,0,0,1,0.000029060629832805457,1
bee,0,0,0,0.0000171053913522865,1
person,1,1,1,0.23671246040397742,1
person,1,1,0,0.20012990553294063,1
person,1,0,1,0.22434243236187953,1
person,1,0,0,0.21230312613519123,1
person,0,1,1,0.03600304338834849,1
person,0,1,0,0.028952294843400703,1
person,0,0,1,0.025543113749054637,1
person,0,0,0,0.02510514314411602,1
hamster,1,1,1,0.0005789941711747941,1
hamster,1,1,0,0.00036780227930925885,1
hamster,1,0,1,0.0005822754996306584,1
hamster,1,0,0,0.00041368013962265115,1
hamster,0,1,1,0.00002157837415142522,1
hamster,0,1,0,0.000018889077197051335,1
hamster,0,0,1,0.00001967935169713975,1
hamster,0,0,0,0.000014728011817265852,1
ox,1,1,1,0.00011417419062504569,1
ox,1,1,0,0.0001812322693529942,1
ox,1,0,1,0.00009513750081541886,1
ox,1,0,0,0.00010640199629862369,1
ox,0,1,1,0.00011534326505133498,1
ox,0,1,0,0.00010694050262807596,1
ox,0,0,1,0.000031115241930632946,1
ox,0,0,0,0.00002857274232349363,1
beaver,1,1,1,0.0005960748662657282,1
beaver,1,1,0,0.0001996154799042131,1
beaver,1,0,1,0.00034729841386659107,1
beaver,1,0,0,0.0001652398733320843,1
beaver,0,1,1,0.00007508892212922938,1
beaver,0,1,0,0.000028284759191091228,1
beaver,0,0,1,0.00003774722953356878,1
beaver,0,0,0,0.00002438645783887228,1
mouse,1,1,1,0.000391349545587851,1
mouse,1,1,0,0.0003664080600137321,1
mouse,1,0,1,0.0006488082428225342,1
mouse,1,0,0,0.00048600308562934356,1
mouse,0,1,1,0.00002104953973815115,1
mouse,0,1,0,0.000024657336887478645,1
mouse,0,0,1,0.000016737162079269987,1
mouse,0,0,0,0.000018218133115367742,1
owl,1,1,1,0.00029458275221018454,2
owl,1,1,0,0.0001412981342947935,2
owl,1,0,1,0.0003760637482152546,2
owl,1,0,0,0.00019431491258892572,2
owl,0,1,1,0.00023804114862140664,2
owl,0,1,0,0.00009871218426037379,2
owl,0,0,1,0.0002875783507722104,2
owl,0,0,0,0.0001137290883910411,2
target,1,1,1,0.00046280027316891807,2
target,1,1,0,0.00021038682899003535,2
target,1,0,1,0.0003137296854807752,2
target,1,0,0,0.00012783626830404618,2
target,0,1,1,0.00031689567152334635,2
target,0,1,0,0.00010716688363217353,2
target,0,0,1,0.00017850762739155202,2
target,0,0,0,0.00007661523948775204,2
bear,1,1,1,0.00017566641586415458,2
bear,1,1,0,0.0002448094550603271,2
bear,1,0,1,0.0003112130961634345,2
bear,1,0,0,0.00038578858995577946,2
bear,0,1,1,0.00011025249174811331,2
bear,0,1,0,0.0001171259529499123,2
bear,0,0,1,0.0001771023595767193,2
bear,0,0,0,0.0002085574435247868,2
person,1,1,1,0.10521708247780347,2
person,1,1,0,0.14843799507747552,2
person,1,0,1,0.10635139818971492,2
person,1,0,0,0.17485132733387498,2
person,0,1,1,0.0758565437991669,2
person,0,1,0,0.10949604428389353,2
person,0,0,1,0.08727950459708218,2
person,0,0,0,0.18198311092283145,2
snake,1,1,1,0.00020781399862200776,2
snake,1,1,0,0.0001787090855717024,2
snake,1,0,1,0.0003949043686028784,2
snake,1,0,0,0.0004329684107174865,2
snake,0,1,1,0.0000618091470276868,2
snake,0,1,0,0.00006315507739503689,2
snake,0,0,1,0.00018642879287772014,2
snake,0,0,0,0.0002255146890753596,2
mouse,1,1,1,0.0002919641885964096,2
mouse,1,1,0,0.00022691055559276906,2
mouse,1,0,1,0.0003190404394044782,2
mouse,1,0,0,0.0002433557310552132,2
mouse,0,1,1,0.00019783011633113287,2
mouse,0,1,0,0.0001506442981245963,2
mouse,0,0,1,0.00020091770510582152,2
mouse,0,0,0,0.00012230741035508798,2
mole,1,1,1,0.0004354094292554382,2
mole,1,1,0,0.00022873096731317104,2
mole,1,0,1,0.00016834350284758404,2
mole,1,0,0,0.00009402466538616604,2
mole,0,1,1,0.00047230387533639097,2
mole,0,1,0,0.00017544958112407846,2
mole,0,0,1,0.00009712349533879345,2
mole,0,0,0,0.00008255918492476689,2
shark,1,1,1,0.00046065359293627684,3
shark,1,1,0,0.00029467689992696114,3
shark,1,0,1,0.00030200211019578387,3
shark,1,0,0,0.00019135165857195522,3
shark,0,1,1,0.00011569365709252655,3
shark,0,1,0,0.00007811705570196737,3
shark,0,0,1,0.00008110644717844748,3
shark,0,0,0,0.00006295892387318647,3
target,1,1,1,0.0007206039986598725,3
target,1,1,0,0.0002322365735420079,3
target,1,0,1,0.0001976000275849939,3
target,1,0,0,0.00008687652206481714,3
target,0,1,1,0.00017009728573015093,3
target,0,1,0,0.0000975100483570399,3
target,0,0,1,0.00006654832396148076,3
target,0,0,0,0.00003115604498361585,3
tiger,1,1,1,0.000640515718421384,3
tiger,1,1,0,0.00031427874175838505,3
tiger,1,0,1,0.0002288169031540777,3
tiger,1,0,0,0.00011193154367197668,3
tiger,0,1,1,0.00016300830695604272,3
tiger,0,1,0,0.00007027566513823864,3
tiger,0,0,1,0.0000701507814030237,3
tiger,0,0,0,0.00003088016539893184,3
person,1,1,1,0.17279627257945135,3
person,1,1,0,0.15975799156097706,3
person,1,0,1,0.1826621148637403,3
person,1,0,0,0.1627375658654638,3
person,0,1,1,0.07459587842947735,3
person,0,1,0,0.07873559677078144,3
person,0,0,1,0.08243099988846209,3
person,0,0,0,0.07551277719212156,3
lion,1,1,1,0.0006472179783535503,3
lion,1,1,0,0.00026716998270315923,3
lion,1,0,1,0.0002838607479732136,3
lion,1,0,0,0.00015881258591821521,3
lion,0,1,1,0.0001266709313485799,3
lion,0,1,0,0.00008531397241915845,3
lion,0,0,1,0.000041794268009349956,3
lion,0,0,0,0.00004325964245476766,3
snake,1,1,1,0.0002832441758678115,3
snake,1,1,0,0.00026854534018083725,3
snake,1,0,1,0.00028269786248564345,3
snake,1,0,0,0.00021845364284868207,3
snake,0,1,1,0.0001097377240150651,3
snake,0,1,0,0.0001066890598721014,3
snake,0,0,1,0.00010079572700384441,3
snake,0,0,0,0.0000997806004604273,3
elephant,1,1,1,0.0004220118041529534,3
elephant,1,1,0,0.0003892714054100686,3
elephant,1,0,1,0.00009132066227831831,3
elephant,1,0,0,0.00007943544705575651,3
elephant,0,1,1,0.00017237524092004696,3
elephant,0,1,0,0.00018409797825232635,3
elephant,0,0,1,0.00005610893027986255,3
elephant,0,0,0,0.0000571130229870213,3
whale,1,1,1,0.0002912216209975902,3
whale,1,1,0,0.00031763661598850873,3
whale,1,0,1,0.0001409839566917847,3
whale,1,0,0,0.00010994010653657724,3
whale,0,1,1,0.00014951126011095208,3
whale,0,1,0,0.00023252909199950744,3
whale,0,0,1,0.00005886723537856819,3
whale,0,0,0,0.00007528723230792915,3
target,1,1,1,0.0005497116488103806,4
target,1,1,0,0.0004129538488532897,4
target,1,0,1,0.0001472820838578333,4
target,1,0,0,0.0001407178870422853,4
target,0,1,1,0.00014347641632836704,4
target,0,1,0,0.00012685075871365952,4
target,0,0,1,0.00003797274028337136,4
target,0,0,0,0.00003810448838286665,4
ant,1,1,1,0.0004466918395008689,4
ant,1,1,0,0.0005101007664761939,4
ant,1,0,1,0.0001881103703627025,4
ant,1,0,0,0.00022207921915778017,4
ant,0,1,1,0.0000937452968122174,4
ant,0,1,0,0.00009619518170931597,4
ant,0,0,1,0.0000369429856114548,4
ant,0,0,0,0.00005283621092477881,4
person,1,1,1,0.17434530182498828,4
person,1,1,0,0.16787367240760884,4
person,1,0,1,0.168617666702719,4
person,1,0,0,0.16839276605650594,4
person,0,1,1,0.0846313158374956,4
person,0,1,0,0.08322234401468691,4
person,0,0,1,0.07048678082008121,4
person,0,0,0,0.07166314666750846,4
lion,1,1,1,0.0001817684977296287,4
lion,1,1,0,0.0001727437494838373,4
lion,1,0,1,0.000382876130064129,4
lion,1,0,0,0.00025965859963360727,4
lion,0,1,1,0.00007905357281234795,4
lion,0,1,0,0.00008906630899295038,4
lion,0,0,1,0.00014520887632973862,4
lion,0,0,0,0.00011253617781464228,4
hamster,1,1,1,0.0004411407326437324,4
hamster,1,1,0,0.0004898431602588306,4
hamster,1,0,1,0.00012318129191816202,4
hamster,1,0,0,0.00017164457985998293,4
hamster,0,1,1,0.00012661577760402553,4
hamster,0,1,0,0.0001382651325338075,4
hamster,0,0,1,0.000042206928188117304,4
hamster,0,0,0,0.000046440503459104616,4
bull,1,1,1,0.00013327330975615114,4
bull,1,1,0,0.00014534001147490844,4
bull,1,0,1,0.0003678592641924397,4
bull,1,0,0,0.0002558776510703319,4
bull,0,1,1,0.00010742792229284656,4
bull,0,1,0,0.00007003648847482441,4
bull,0,0,1,0.00017450076710717415,4
bull,0,0,0,0.00011706698241890849,4
beaver,1,1,1,0.0003508687049666005,4
beaver,1,1,0,0.0005600762214287603,4
beaver,1,0,1,0.00020292385576471236,4
beaver,1,0,0,0.00022532421478050707,4
beaver,0,1,1,0.00008626338953678848,4
beaver,0,1,0,0.00007409911132853504,4
beaver,0,0,1,0.00006598173360679377,4
beaver,0,0,0,0.00006028097687683488,4
mouse,1,1,1,0.00036042920035160965,4
mouse,1,1,0,0.0005048264018881402,4
mouse,1,0,1,0.0001146192526379215,4
mouse,1,0,0,0.0001316148007959494,4
mouse,0,1,1,0.00015010319755445463,4
mouse,0,1,0,0.00018167777972741674,4
mouse,0,0,1,0.00004515762632042779,4
mouse,0,0,0,0.00003535504189878139,4
eagle,1,1,1,0.000239059078741823,5
eagle,1,1,0,0.000371439229269002,5
eagle,1,0,1,0.00012967385600865032,5
eagle,1,0,0,0.00013768867921820806,5
eagle,0,1,1,0.0001351512578290947,5
eagle,0,1,0,0.0002265632195666619,5
eagle,0,0,1,0.00009005921983495438,5
eagle,0,0,0,0.00010956758030929482,5
horse,1,1,1,0.0001562871790526257,5
horse,1,1,0,0.00033774992028394045,5
horse,1,0,1,0.0001082387357360503,5
horse,1,0,0,0.0001919325377025677,5
horse,0,1,1,0.00011086307082487983,5
horse,0,1,0,0.0002797387694371001,5
horse,0,0,1,0.00008144086676228915,5
horse,0,0,0,0.00016531582389154583,5
target,1,1,1,0.0002874158686685995,5
target,1,1,0,0.0002811914781355473,5
target,1,0,1,0.0001484169165896153,5
target,1,0,0,0.00013701892290683283,5
target,0,1,1,0.00022499898045822038,5
target,0,1,0,0.00018389153585327526,5
target,0,0,1,0.0000940826102705301,5
target,0,0,0,0.00008297485103183904,5
gazelle,1,1,1,0.00025652125466998216,5
gazelle,1,1,0,0.0003272260996339229,5
gazelle,1,0,1,0.0001771029680912007,5
gazelle,1,0,0,0.0002067383375724251,5
gazelle,0,1,1,0.00012123595233198867,5
gazelle,0,1,0,0.00013635212163000667,5
gazelle,0,0,1,0.00010537334542711154,5
gazelle,0,0,0,0.00010368432242974595,5
swan,1,1,1,0.0002466132544834281,5
swan,1,1,0,0.00034508373465893616,5
swan,1,0,1,0.00015581057702796034,5
swan,1,0,0,0.00016804945877624698,5
swan,0,1,1,0.0001597529907997111,5
swan,0,1,0,0.00021014392180952377,5
swan,0,0,1,0.00007456688470107597,5
swan,0,0,0,0.00007978027931250415,5
person,1,1,1,0.1725356177451249,5
person,1,1,0,0.15870285599562856,5
person,1,0,1,0.15653234881474803,5
person,1,0,0,0.14663702343830975,5
person,0,1,1,0.10230539445599345,5
person,0,1,0,0.08717916527011392,5
person,0,0,1,0.08224983326960034,5
person,0,0,0,0.0838155548755583,5
hamster,1,1,1,0.0003232334436268988,5
hamster,1,1,0,0.0001009251335913444,5
hamster,1,0,1,0.00020714750871764144,5
hamster,1,0,0,0.00008518239947886006,5
hamster,0,1,1,0.00029028637890935404,5
hamster,0,1,0,0.00011705627503945218,5
hamster,0,0,1,0.00020327404012420315,5
hamster,0,0,0,0.00010308505078565669,5
mouse,1,1,1,0.00026476121056210185,5
mouse,1,1,0,0.0001155216329688349,5
mouse,1,0,1,0.0003265998074670926,5
mouse,1,0,0,0.0000782834361354581,5
mouse,0,1,1,0.0002374671898435671,5
mouse,0,1,0,0.0001324510340251797,5
mouse,0,0,1,0.00018376549497939882,5
mouse,0,0,0,0.00008837040692878968,5
target,1,1,1,0.0004396121620809102,6
target,1,1,0,0.0003163560955252522,6
target,1,0,1,0.00020568821545924375,6
target,1,0,0,0.00022626742205793214,6
target,0,1,1,0.00010239799447521542,6
target,0,1,0,0.0001012970632242409,6
target,0,0,1,0.00006572423625735321,6
target,0,0,0,0.00008899524010354443,6
gorilla,1,1,1,0.0005062641545595598,6
gorilla,1,1,0,0.00035261735663284934,6
gorilla,1,0,1,0.00023379283349690976,6
gorilla,1,0,0,0.00018558685799139991,6
gorilla,0,1,1,0.00013759880336943267,6
gorilla,0,1,0,0.000060988155330869206,6
gorilla,0,0,1,0.00005056909290706349,6
gorilla,0,0,0,0.000055015446513583,6
elephant,1,1,1,0.00043310174545290933,6
elephant,1,1,0,0.0003578583874220558,6
elephant,1,0,1,0.00019036581383171354,6
elephant,1,0,0,0.00018764907157737962,6
elephant,0,1,1,0.00009997025910408523,6
elephant,0,1,0,0.00008231180729010205,6
elephant,0,0,1,0.00010341802130899829,6
elephant,0,0,0,0.00008281493328905919,6
bear,1,1,1,0.00042089783605277735,6
bear,1,1,0,0.00022787204371353093,6
bear,1,0,1,0.00020536852069209812,6
bear,1,0,0,0.00018975490122664356,6
bear,0,1,1,0.00013405061825548257,6
bear,0,1,0,0.00011820755798620008,6
bear,0,0,1,0.00011394065693631017,6
bear,0,0,0,0.00007332404474258676,6
person,1,1,1,0.12863894025140887,6
person,1,1,0,0.22049478337615566,6
person,1,0,1,0.11449221272344541,6
person,1,0,0,0.16037030301463895,6
person,0,1,1,0.07225958347169596,6
person,0,1,0,0.11464572064839793,6
person,0,0,1,0.07626673186781523,6
person,0,0,0,0.10207626862673543,6
lion,1,1,1,0.000428381682598092,6
lion,1,1,0,0.0002961708382134558,6
lion,1,0,1,0.00020961980561490636,6
lion,1,0,0,0.00017135843808724653,6
lion,0,1,1,0.00014170863035385285,6
lion,0,1,0,0.0001006575931352531,6
lion,0,0,1,0.0000768702661214294,6
lion,0,0,0,0.00008530717420165149,6
ox,1,1,1,0.000388750995987569,6
ox,1,1,0,0.0003852338825829182,6
ox,1,0,1,0.00019474881994567861,6
ox,1,0,0,0.00024012392079326406,6
ox,0,1,1,0.00010025151251383321,6
ox,0,1,0,0.00009356023377378109,6
ox,0,0,1,0.00007197864452891346,6
ox,0,0,0,0.00008103387887845287,6
boar,1,1,1,0.0006475338249067379,6
boar,1,1,0,0.00019264304295245064,6
boar,1,0,1,0.00023322293181680148,6
boar,1,0,0,0.00011295977733869695,6
boar,0,1,1,0.00016584754729191413,6
boar,0,1,0,0.000046576232405555286,6
boar,0,0,1,0.00009051768951722024,6
boar,0,0,0,0.00005072130727977378,6
eagle,1,1,1,0.0002550533878645818,7
eagle,1,1,0,0.00019098857112237133,7
eagle,1,0,1,0.00032125250134831785,7
eagle,1,0,0,0.00028819969963760083,7
eagle,0,1,1,0.00011541272825418945,7
eagle,0,1,0,0.00008333954394247392,7
eagle,0,0,1,0.0001301401170980892,7
eagle,0,0,0,0.00011502611609087731,7
target,1,1,1,0.00028536357607370183,7
target,1,1,0,0.00021019227873499705,7
target,1,0,1,0.000263199586350907,7
target,1,0,0,0.00023126487393056435,7
target,0,1,1,0.00015698269142856318,7
target,0,1,0,0.00010900916985350604,7
target,0,0,1,0.0001390709239988635,7
target,0,0,0,0.00008389796753332563,7
sloth,1,1,1,0.0004299598715442923,7
sloth,1,1,0,0.0002671458964297986,7
sloth,1,0,1,0.00021685750558450318,7
sloth,1,0,0,0.00013218342759740962,7
sloth,0,1,1,0.00021978395738926856,7
sloth,0,1,0,0.00010969966752466657,7
sloth,0,0,1,0.00006673823269776855,7
sloth,0,0,0,0.00006030003055254397,7
dog,1,1,1,0.0002206389643646798,7
dog,1,1,0,0.00015284420267100898,7
dog,1,0,1,0.00026253628378771117,7
dog,1,0,0,0.00015304045595742873,7
dog,0,1,1,0.00018025308512462128,7
dog,0,1,0,0.00010352147914688547,7
dog,0,0,1,0.0002111610493946322,7
dog,0,0,0,0.00012351846941039042,7
person,1,1,1,0.13209734093790418,7
person,1,1,0,0.12907308188210845,7
person,1,0,1,0.14798518752603237,7
person,1,0,0,0.1747324519735373,7
person,0,1,1,0.11179807627074985,7
person,0,1,0,0.10076285788603942,7
person,0,0,1,0.09609824226641209,7
person,0,0,0,0.09718563611537091,7
rabbit,1,1,1,0.0002880412292008959,7
rabbit,1,1,0,0.00016252102307356793,7
rabbit,1,0,1,0.0003305130119257119,7
rabbit,1,0,0,0.00016875327328862356,7
rabbit,0,1,1,0.00016230988795844545,7
rabbit,0,1,0,0.00007939073360129417,7
rabbit,0,0,1,0.00017021005804342473,7
rabbit,0,0,0,0.00010124999212197604,7
kitten,1,1,1,0.0002585737047930913,7
kitten,1,1,0,0.00009777812457287868,7
kitten,1,0,1,0.0002270749704606159,7
kitten,1,0,0,0.00016157951283970638,7
kitten,0,1,1,0.0002284281719537522,7
kitten,0,1,0,0.00007579595220644709,7
kitten,0,0,1,0.0002650602402095638,7
kitten,0,0,0,0.0000772194764311746,7
cheetah,1,1,1,0.00017598382900532088,7
cheetah,1,1,0,0.00013229385474800438,7
cheetah,1,0,1,0.00040829217161672397,7
cheetah,1,0,0,0.0004165759029424094,7
cheetah,0,1,1,0.00007165622037130072,7
cheetah,0,1,0,0.00009092313471967712,7
cheetah,0,0,1,0.00011361635698347047,7
cheetah,0,0,0,0.00011470799633656632,7
hippo,1,1,1,0.00046877892956067804,8
hippo,1,1,0,0.0003001630708079137,8
hippo,1,0,1,0.00034745944874125644,8
hippo,1,0,0,0.0003418423749683679,8
hippo,0,1,1,0.000034702624607471526,8
hippo,0,1,0,0.000043268479029020186,8
hippo,0,0,1,0.000029142756746781544,8
hippo,0,0,0,0.000033478546326740636,8
target,1,1,1,0.0004682025573466851,8
target,1,1,0,0.00022943007888299115,8
target,1,0,1,0.000244262705515595,8
target,1,0,0,0.0001171551533603053,8
target,0,1,1,0.0001876451823309189,8
target,0,1,0,0.0000911679527401978,8
target,0,0,1,0.00010259796193347503,8
target,0,0,0,0.00008284205685061986,8
sloth,1,1,1,0.00043279824288842104,8
sloth,1,1,0,0.00008848721218698277,8
sloth,1,0,1,0.0004633886106821297,8
sloth,1,0,0,0.00009699862009570599,8
sloth,0,1,1,0.00017011093818705415,8
sloth,0,1,0,0.00006610840977783338,8
sloth,0,0,1,0.00015690529358433598,8
sloth,0,0,0,0.000046508924550457246,8
dog,1,1,1,0.00025269559264833757,8
dog,1,1,0,0.000192770450145095,8
dog,1,0,1,0.00022677322783417413,8
dog,1,0,0,0.00021363394529793457,8
dog,0,1,1,0.0001487610445768759,8
dog,0,1,0,0.00013969136009395146,8
dog,0,0,1,0.00014905094273222287,8
dog,0,0,0,0.0001309741637108749,8
pig,1,1,1,0.000253203572539531,8
pig,1,1,0,0.00020597005136762904,8
pig,1,0,1,0.0002923245184702893,8
pig,1,0,0,0.0002619170196948392,8
pig,0,1,1,0.00015394907201822476,8
pig,0,1,0,0.0001159540101519583,8
pig,0,0,1,0.00010693530843120895,8
pig,0,0,0,0.00009628465200709236,8
person,1,1,1,0.17891301983744254,8
person,1,1,0,0.10340754614099429,8
person,1,0,1,0.14388850507408935,8
person,1,0,0,0.10075937922188559,8
person,0,1,1,0.12313811737242128,8
person,0,1,0,0.11278806394684555,8
person,0,0,1,0.11959967773743041,8
person,0,0,0,0.1069399992916841,8
ox,1,1,1,0.0004668190339316806,8
ox,1,1,0,0.00023081951262597615,8
ox,1,0,1,0.0003003511490335184,8
ox,1,0,0,0.000216276750377638,8
ox,0,1,1,0.00009194828442844942,8
ox,0,1,0,0.00008349790678876811,8
ox,0,0,1,0.00007722782012746004,8
ox,0,0,0,0.00007934459733436073,8
cat,1,1,1,0.00021158827755773818,8
cat,1,1,0,0.000186328728313512,8
cat,1,0,1,0.00021029857910437926,8
cat,1,0,0,0.00019946327569863272,8
cat,0,1,1,0.00017221266395390288,8
cat,0,1,0,0.00016346138494905692,8
cat,0,0,1,0.00014070324652429238,8
cat,0,0,0,0.0001510151030352423,8
person,1,1,1,0.20838431374771224,9
person,1,1,0,0.1721957568244549,9
person,1,0,1,0.17841813135574264,9
person,1,0,0,0.14628027334937047,9
person,0,1,1,0.0799156397023109,9
person,0,1,0,0.0712173201812588,9
person,0,0,1,0.06592884503570146,9
person,0,0,0,0.06684328857273177,9
eagle,1,1,1,0.0006909815711780436,9
eagle,1,1,0,0.00041310737894268557,9
eagle,1,0,1,0.0006845089346858148,9
eagle,1,0,0,0.00039998959557911566,9
eagle,0,1,1,0.0001456719471988768,9
eagle,0,1,0,0.00010149779687907458,9
eagle,0,0,1,0.00016348927831280643,9
eagle,0,0,0,0.0001343234153724077,9
dolphin,1,1,1,0.0007891912549896594,9
dolphin,1,1,0,0.0005435772127912112,9
dolphin,1,0,1,0.0004891938956994617,9
dolphin,1,0,0,0.00035780401415132234,9
dolphin,0,1,1,0.0001865038050051888,9
dolphin,0,1,0,0.00012037507370637374,9
dolphin,0,0,1,0.0001358193229536411,9
dolphin,0,0,0,0.00011221608121081785,9
target,1,1,1,0.000995971268082019,9
target,1,1,0,0.00045303523368996664,9
target,1,0,1,0.00043859925317483024,9
target,1,0,0,0.00037327411739562967,9
target,0,1,1,0.00016924613852598846,9
target,0,1,0,0.00010471917573588079,9
target,0,0,1,0.00011715121355942824,9
target,0,0,0,0.0001297133748839414,9
cat,1,1,1,0.0006625707230100721,9
cat,1,1,0,0.00043135660464391554,9
cat,1,0,1,0.00043958528837481674,9
cat,1,0,0,0.0003641374307513053,9
cat,0,1,1,0.00019021168220258376,9
cat,0,1,0,0.0001465588229424319,9
cat,0,0,1,0.0001727990525327259,9
cat,0,0,0,0.0001592512725547269,9
person,1,1,1,0.2537859563582651,10
person,1,1,0,0.19096054748918484,10
person,1,0,1,0.1548372346431438,10
person,1,0,0,0.21939643186724214,10
person,0,1,1,0.05737747889741031,10
person,0,1,0,0.0369999273067686,10
person,0,0,1,0.03388367641089244,10
person,0,0,0,0.04211736213402302,10
kitten,1,1,1,0.0008832344691617798,10
kitten,1,1,0,0.00043317847903895677,10
kitten,1,0,1,0.0004366411290821274,10
kitten,1,0,0,0.00039646813937856227,10
kitten,0,1,1,0.00018516220861141184,10
kitten,0,1,0,0.00007860533692031063,10
kitten,0,0,1,0.00008843374319605751,10
kitten,0,0,0,0.00006991195424831358,10
dog,1,1,1,0.0008451753279115606,10
dog,1,1,0,0.0004720997839129982,10
dog,1,0,1,0.00035675191664981707,10
dog,1,0,0,0.0004478818022541865,10
dog,0,1,1,0.0001585892217899703,10
dog,0,1,0,0.0000861460729324115,10
dog,0,0,1,0.0000901094563043869,10
dog,0,0,0,0.0000882723321424351,10
target,1,1,1,0.001078778443881538,10
target,1,1,0,0.000502645937874551,10
target,1,0,1,0.0005868448905316243,10
target,1,0,0,0.00045235826711805883,10
target,0,1,1,0.0001383387120321083,10
target,0,1,0,0.00006576040637228174,10
target,0,0,1,0.00006687753648110493,10
target,0,0,0,0.00004145325355275423,10
cat,1,1,1,0.0006242278164091674,10
cat,1,1,0,0.0005078455084134493,10
cat,1,0,1,0.0005483256602054764,10
cat,1,0,0,0.0005094694235514712,10
cat,0,1,1,0.0001089910444299744,10
cat,0,1,0,0.0000960184434444913,10
cat,0,0,1,0.0001111094926997432,10
cat,0,0,0,0.0000856786825367578,10
donkey,1,1,1,0.00016075561515407576,11
donkey,1,1,0,0.00031372424763057385,11
donkey,1,0,1,0.00043179548431534847,11
donkey,1,0,0,0.0005033919016370902,11
donkey,0,1,1,0.00005827369454585174,11
donkey,0,1,0,0.00007094654599557728,11
donkey,0,0,1,0.00014640453204992939,11
donkey,0,0,0,0.0001083470119504141,11
target,1,1,1,0.0010261100889128764,11
target,1,1,0,0.00011133182924388089,11
target,1,0,1,0.00048807346671980554,11
target,1,0,0,0.00019191050457125194,11
target,0,1,1,0.00012135880236115075,11
target,0,1,0,0.00006515982850425334,11
target,0,0,1,0.00008285330656158811,11
target,0,0,0,0.00005541186338097857,11
elephant,1,1,1,0.00012147316693884021,11
elephant,1,1,0,0.0006398208823849613,11
elephant,1,0,1,0.00018602351855045334,11
elephant,1,0,0,0.0005078096286883498,11
elephant,0,1,1,0.000027787151212293057,11
elephant,0,1,0,0.00012500957262165808,11
elephant,0,0,1,0.00004731638333297205,11
elephant,0,0,0,0.00010953607953664885,11
dog,1,1,1,0.00013278928741246537,11
dog,1,1,0,0.0006899628925851043,11
dog,1,0,1,0.00011673011027355503,11
dog,1,0,0,0.000480393683151157,11
dog,0,1,1,0.00003865100030773947,11
dog,0,1,0,0.00015195666387667363,11
dog,0,0,1,0.00003315684913257646,11
dog,0,0,0,0.00009315851150950177,11
person,1,1,1,0.08177171914216759,11
person,1,1,0,0.31177254592131176,11
person,1,0,1,0.0943254491261433,11
person,1,0,0,0.2808293010575165,11
person,0,1,1,0.04173857700761932,11
person,0,1,0,0.07299523890759065,11
person,0,0,1,0.03432439155934482,11
person,0,0,0,0.07149792855816242,11
kitten,1,1,1,0.00010305832688213471,11
kitten,1,1,0,0.0008153979186948422,11
kitten,1,0,1,0.00007533695036487679,11
kitten,1,0,0,0.00022682543039630713,11
kitten,0,1,1,0.00005220880121246396,11
kitten,0,1,0,0.00020217645267963554,11
kitten,0,0,1,0.00006089026239539089,11
kitten,0,0,0,0.00006912951882691536,11
puppy,1,1,1,0.00016912267822394937,11
puppy,1,1,0,0.0006402795573478582,11
puppy,1,0,1,0.00013405992918981343,11
puppy,1,0,0,0.0004167468188464677,11
puppy,0,1,1,0.000050071270122716826,11
puppy,0,1,0,0.00015417398858701215,11
puppy,0,0,1,0.00004148334962452502,11
puppy,0,0,0,0.0000964633616990484,11
hippo,1,1,1,0.00077703653813634,12
hippo,1,1,0,0.00015651645275246932,12
hippo,1,0,1,0.00074570949504411,12
hippo,1,0,0,0.00019443531841756504,12
hippo,0,1,1,0.000048142481997174995,12
hippo,0,1,0,0.00002481494169106519,12
hippo,0,0,1,0.000032362420940769545,12
hippo,0,0,0,0.000017300813018843228,12
target,1,1,1,0.0009959593511090865,12
target,1,1,0,0.00024444363807742743,12
target,1,0,1,0.000357146639177862,12
target,1,0,0,0.00017399360145389702,12
target,0,1,1,0.00007440837613693583,12
target,0,1,0,0.000041930118599508564,12
target,0,0,1,0.00002196670121517316,12
target,0,0,0,0.000015503037055915066,12
dolphin,1,1,1,0.0005617542125065732,12
dolphin,1,1,0,0.0002918014820754685,12
dolphin,1,0,1,0.00024702043196772833,12
dolphin,1,0,0,0.00016394247039261582,12
dolphin,0,1,1,0.00008973164729412103,12
dolphin,0,1,0,0.00009510223615171338,12
dolphin,0,0,1,0.000028514455464388574,12
dolphin,0,0,0,0.00003823788088181334,12
cat,1,1,1,0.0003185419450588274,12
cat,1,1,0,0.0003002841149106225,12
cat,1,0,1,0.00024546044588487706,12
cat,1,0,0,0.0002370527537429178,12
cat,0,1,1,0.00008537177671089244,12
cat,0,1,0,0.00009711858682114341,12
cat,0,0,1,0.00004616394071375777,12
cat,0,0,0,0.00004843507786982648,12
person,1,1,1,0.2859330488701676,12
person,1,1,0,0.13648950673454516,12
person,1,0,1,0.26624556705570523,12
person,1,0,0,0.11731506048613656,12
person,0,1,1,0.05042123435456882,12
person,0,1,0,0.06683738722897255,12
person,0,0,1,0.02806655961098317,12
person,0,0,0,0.03628126056559204,12
giraffe,1,1,1,0.0007269803366412371,12
giraffe,1,1,0,0.00026424262039542035,12
giraffe,1,0,1,0.000501992968491224,12
giraffe,1,0,0,0.0002429836689885186,12
giraffe,0,1,1,0.00005959299781176656,12
giraffe,0,1,0,0.000033605424418782394,12
giraffe,0,0,1,0.000029498007802940305,12
giraffe,0,0,0,0.000027240386311367976,12
whale,1,1,1,0.000783428220412907,12
whale,1,1,0,0.00029913906589950045,12
whale,1,0,1,0.0005258880299840448,12
whale,1,0,0,0.00018527882255564045,12
whale,0,1,1,0.0000525690596423751,12
whale,0,1,0,0.000032146383537535505,12
whale,0,0,1,0.00003613953329959326,12
whale,0,0,0,0.000019346097075766466,12
rhino,1,1,1,0.0006095495230512023,12
rhino,1,1,0,0.00027759227610855774,12
rhino,1,0,1,0.0005145505397836038,12
rhino,1,0,0,0.00019354739158004367,12
rhino,0,1,1,0.00006214285626585597,12
rhino,0,1,0,0.00004222422590980643,12
rhino,0,0,1,0.00004853325443605262,12
rhino,0,0,0,0.00002596001965355731,12
target,1,1,1,0.0015230404103434055,13
target,1,1,0,0.0010769450377443551,13
target,1,0,1,0.0003944547702659327,13
target,1,0,0,0.0004024690266153402,13
target,0,1,1,0.00007632456647934742,13
target,0,1,0,0.00004831084659847119,13
target,0,0,1,0.00001248480019640676,13
target,0,0,0,0.000007781842909837251,13
dolphin,1,1,1,0.0003719939565005068,13
dolphin,1,1,0,0.00032678022571916904,13
dolphin,1,0,1,0.00029227202254964027,13
dolphin,1,0,0,0.0002685376167154149,13
dolphin,0,1,1,0.00015113272272009493,13
dolphin,0,1,0,0.00012963886082262193,13
dolphin,0,0,1,0.000014488952805805,13
dolphin,0,0,0,0.000014963039868312648,13
pig,1,1,1,0.00023082437626373555,13
pig,1,1,0,0.000256673085781375,13
pig,1,0,1,0.00025362855838472923,13
pig,1,0,0,0.0002254480311868813,13
pig,0,1,1,0.00011797042837829742,13
pig,0,1,0,0.0000616639789857588,13
pig,0,0,1,0.00006504554866919489,13
pig,0,0,0,0.00003114646110254709,13
person,1,1,1,0.13847495119307235,13
person,1,1,0,0.18323669292370764,13
person,1,0,1,0.1324078649141538,13
person,1,0,0,0.3638427105432122,13
person,0,1,1,0.04748692212247568,13
person,0,1,0,0.04484058287595472,13
person,0,0,1,0.035368502442225454,13
person,0,0,0,0.038101243933523106,13
lizard,1,1,1,0.0008254285125925089,13
lizard,1,1,0,0.0006690428041113516,13
lizard,1,0,1,0.0009359984486811314,13
lizard,1,0,0,0.0006991102548170474,13
lizard,0,1,1,0.000055348624560354124,13
lizard,0,1,0,0.000034073278262772976,13
lizard,0,0,1,0.00002891151612210654,13
lizard,0,0,0,0.000018937291022185315,13
snake,1,1,1,0.0007317324419134679,13
snake,1,1,0,0.0007127131899096745,13
snake,1,0,1,0.0009592303975012981,13
snake,1,0,0,0.0006903928103987949,13
snake,0,1,1,0.00005005057810210604,13
snake,0,1,0,0.00004154160328036793,13
snake,0,0,1,0.000024188171814281538,13
snake,0,0,0,0.000022987920301563406,13
seal,1,1,1,0.0006099590098525702,13
seal,1,1,0,0.00045159692517113547,13
seal,1,0,1,0.00033990448702114176,13
seal,1,0,0,0.00023286162686304623,13
seal,0,1,1,0.00013557638461288637,13
seal,0,1,0,0.00007286547951936221,13
seal,0,0,1,0.000034713994527796865,13
seal,0,0,0,0.000018043157201391227,13
skunk,1,1,1,0.0003151699208875831,13
skunk,1,1,0,0.0003044495612664699,13
skunk,1,0,1,0.0003292310434333614,13
skunk,1,0,0,0.00029176908582947866,13
skunk,0,1,1,0.00008621654909596343,13
skunk,0,1,0,0.00007041279563251891,13
skunk,0,0,1,0.000055947452323035376,13
skunk,0,0,0,0.000038104567439477506,13
peacock,1,1,1,0.0007822597893375456,14
peacock,1,1,0,0.00019390929585772507,14
peacock,1,0,1,0.0004172864958425483,14
peacock,1,0,0,0.00014206033235219582,14
peacock,0,1,1,0.0002408976102375982,14
peacock,0,1,0,0.00009789560262701018,14
peacock,0,0,1,0.00017442682211487128,14
peacock,0,0,0,0.00006902374115192117,14
target,1,1,1,0.0006793652560213603,14
target,1,1,0,0.00038867449259749024,14
target,1,0,1,0.0003363792584712869,14
target,1,0,0,0.00020924700086305927,14
target,0,1,1,0.0001672238985669703,14
target,0,1,0,0.000144654740019781,14
target,0,0,1,0.00012440679628185602,14
target,0,0,0,0.0001029324120552435,14
dolphin,1,1,1,0.000818741185027523,14
dolphin,1,1,0,0.00034034341880240964,14
dolphin,1,0,1,0.00028252681018577156,14
dolphin,1,0,0,0.00015699373143445371,14
dolphin,0,1,1,0.0002176125389220031,14
dolphin,0,1,0,0.00012052946900383135,14
dolphin,0,0,1,0.00013283275105835057,14
dolphin,0,0,0,0.00007810810081724143,14
cat,1,1,1,0.0006228001978315446,14
cat,1,1,0,0.00044460611208998134,14
cat,1,0,1,0.00039669085848953434,14
cat,1,0,0,0.00016943098271818822,14
cat,0,1,1,0.000217015021468058,14
cat,0,1,0,0.00011659395321936886,14
cat,0,0,1,0.00012254055690204136,14
cat,0,0,0,0.00007341948622029337,14
person,1,1,1,0.18302598256339261,14
person,1,1,0,0.1817668513645449,14
person,1,0,1,0.13280244988185444,14
person,1,0,0,0.13986317561280917,14
person,0,1,1,0.08724682568217874,14
person,0,1,0,0.09520184328595536,14
person,0,0,1,0.08331143846007046,14
person,0,0,0,0.08615318077437334,14
snake,1,1,1,0.00037104219038396334,14
snake,1,1,0,0.00046119859125099495,14
snake,1,0,1,0.0002539405660737239,14
snake,1,0,0,0.00030476172406918614,14
snake,0,1,1,0.00016417120291776913,14
snake,0,1,0,0.00018752850085292788,14
snake,0,0,1,0.0001248161115714311,14
snake,0,0,0,0.00017936476911200593,14
target,1,1,1,0.001017713501340983,15
target,1,1,0,0.0008888071751575767,15
target,1,0,1,0.0008653958922391008,15
target,1,0,0,0.0006566797065154226,15
target,0,1,1,0.00001924267984975705,15
target,0,1,0,0.000012126844461113641,15
target,0,0,1,0.000009766336220826904,15
target,0,0,0,0.000005021313127618314,15
kangaroo,1,1,1,0.0002920421404533612,15
kangaroo,1,1,0,0.00020455494688470237,15
kangaroo,1,0,1,0.00026951014652610113,15
kangaroo,1,0,0,0.00028720609172173755,15
kangaroo,0,1,1,0.00005620584010290075,15
kangaroo,0,1,0,0.000030258814304542454,15
kangaroo,0,0,1,0.00003804311207250079,15
kangaroo,0,0,0,0.00001870498200868061,15
dog,1,1,1,0.0002993536217054816,15
dog,1,1,0,0.0002689256867502111,15
dog,1,0,1,0.00027429376917874923,15
dog,1,0,0,0.00021563381254407528,15
dog,0,1,1,0.00006246619912132919,15
dog,0,1,0,0.000034812411872609225,15
dog,0,0,1,0.000026364742051741353,15
dog,0,0,0,0.000021584821539698645,15
slug,1,1,1,0.0004403932483106908,15
slug,1,1,0,0.0005564844595815085,15
slug,1,0,1,0.000852392815697427,15
slug,1,0,0,0.0016486156987408575,15
slug,0,1,1,0.000013977653575960749,15
slug,0,1,0,0.000011165372243025304,15
slug,0,0,1,0.000008208039842810347,15
slug,0,0,0,0.000006100780253219427,15
person,1,1,1,0.22021494182203388,15
person,1,1,0,0.21727328997384257,15
person,1,0,1,0.24551012161401975,15
person,1,0,0,0.20953279265744285,15
person,0,1,1,0.03475474176106762,15
person,0,1,0,0.026797078807566144,15
person,0,0,1,0.017681589507410347,15
person,0,0,0,0.013590278543828433,15
snake,1,1,1,0.0004055076058793648,15
snake,1,1,0,0.0004364858382322783,15
snake,1,0,1,0.000735092600784307,15
snake,1,0,0,0.0012654367829688649,15
snake,0,1,1,0.00001422764613034701,15
snake,0,1,0,0.00001411249192316106,15
snake,0,0,1,0.000022134971594218103,15
snake,0,0,0,0.000010844447294991707,15
rabbit,1,1,1,0.00026954057364286517,15
rabbit,1,1,0,0.00023681824828447097,15
rabbit,1,0,1,0.0003272266573054449,15
rabbit,1,0,0,0.0002849823606918277,15
rabbit,0,1,1,0.000040463730844102246,15
rabbit,0,1,0,0.000029545185927611383,15
rabbit,0,0,1,0.00003969508622862567,15
rabbit,0,0,0,0.000022330996540528853,15
bird,1,1,1,0.0002809627260897593,15
bird,1,1,0,0.0002728347545383951,15
bird,1,0,1,0.00020005116985673537,15
bird,1,0,0,0.00017223381865184593,15
bird,0,1,1,0.00005880031717867002,15
bird,0,1,0,0.00004383597385667923,15
bird,0,0,1,0.00003146700669259225,15
bird,0,0,0,0.000018481665654553286,15
hippo,1,1,1,0.0001927760874561663,16
hippo,1,1,0,0.00019929105305360886,16
hippo,1,0,1,0.00017702143149561926,16
hippo,1,0,0,0.00016407724929882558,16
hippo,0,1,1,0.00016907061899141678,16
hippo,0,1,0,0.00015280644762283348,16
hippo,0,0,1,0.00015188221921780756,16
hippo,0,0,0,0.00013321158052707348,16
target,1,1,1,0.0003216319632139492,16
target,1,1,0,0.00021434455659003602,16
target,1,0,1,0.00021169709154367797,16
target,1,0,0,0.0002108520237513705,16
target,0,1,1,0.00011895864292236892,16
target,0,1,0,0.00012493767767636943,16
target,0,0,1,0.00012657338818624676,16
target,0,0,0,0.00011297020259563701,16
dog,1,1,1,0.00028129447354515504,16
dog,1,1,0,0.0002261429692736944,16
dog,1,0,1,0.000260138034518517,16
dog,1,0,0,0.0002235615763747563,16
dog,0,1,1,0.00014213743263411118,16
dog,0,1,0,0.00010761640248277464,16
dog,0,0,1,0.0001103257104450611,16
dog,0,0,0,0.00010540124052087438,16
hyena,1,1,1,0.0002844133084017088,16
hyena,1,1,0,0.00014718227939102888,16
hyena,1,0,1,0.00025814304760757317,16
hyena,1,0,0,0.000125524576839076,16
hyena,0,1,1,0.00018258867068462242,16
hyena,0,1,0,0.00009222676126883391,16
hyena,0,0,1,0.00017336506653750554,16
hyena,0,0,0,0.00011214414241867633,16
person,1,1,1,0.16306240806330824,16
person,1,1,0,0.15147818569103155,16
person,1,0,1,0.17451691447009432,16
person,1,0,0,0.15570380675328813,16
person,0,1,1,0.08573981179336412,16
person,0,1,0,0.08795583962560556,16
person,0,0,1,0.08719934209426773,16
person,0,0,0,0.08452791220915873,16
lion,1,1,1,0.0001729860677305174,16
lion,1,1,0,0.00017061683994584864,16
lion,1,0,1,0.00016636424678910216,16
lion,1,0,0,0.0001784165117733033,16
lion,0,1,1,0.00017785530030823893,16
lion,0,1,0,0.00014836764241312427,16
lion,0,0,1,0.0001471538376708508,16
lion,0,0,0,0.0001578310402571633,16
elephant,1,1,1,0.0002548816605059545,16
elephant,1,1,0,0.0001959940577619412,16
elephant,1,0,1,0.00020016575901916523,16
elephant,1,0,0,0.0002305652480480339,16
elephant,0,1,1,0.0001359143662791801,16
elephant,0,1,0,0.000112095147341123,16
elephant,0,0,1,0.00010020474405580784,16
elephant,0,0,0,0.00017703230131125257,16
monkey,1,1,1,0.0003424640923422588,16
monkey,1,1,0,0.0001763096009467478,16
monkey,1,0,1,0.0003006503936513296,16
monkey,1,0,0,0.00021488649691827792,16
monkey,0,1,1,0.0001236945347235363,16
monkey,0,1,0,0.0000923272764563425,16
monkey,0,0,1,0.00013742874307260232,16
monkey,0,0,0,0.00008726546347282883,16
target,1,1,1,0.0006614734739150648,17
target,1,1,0,0.0003768524137702892,17
target,1,0,1,0.0005005842921273908,17
target,1,0,0,0.00042111692531275575,17
target,0,1,1,0.00011001736399151645,17
target,0,1,0,0.00007157630117240462,17
target,0,0,1,0.00006797462898068173,17
target,0,0,0,0.00005775371310636047,17
dog,1,1,1,0.00040009805199627707,17
dog,1,1,0,0.00033893419733128043,17
dog,1,0,1,0.0003968752898081445,17
dog,1,0,0,0.0005545674102305281,17
dog,0,1,1,0.00006706996665415215,17
dog,0,1,0,0.00004910672222312824,17
dog,0,0,1,0.00011301509324308892,17
dog,0,0,0,0.00013291304709938097,17
cat,1,1,1,0.00035426797913043,17
cat,1,1,0,0.00020284756677865721,17
cat,1,0,1,0.000386256008093137,17
cat,1,0,0,0.0003745311332425529,17
cat,0,1,1,0.00010496427858175022,17
cat,0,1,0,0.00007259668319965087,17
cat,0,0,1,0.00013283206828480095,17
cat,0,0,0,0.0001489445854579013,17
person,1,1,1,0.234572120714688,17
person,1,1,0,0.1575108948345167,17
person,1,0,1,0.20399526084837982,17
person,1,0,0,0.2007009294812867,17
person,0,1,1,0.05427046343461851,17
person,0,1,0,0.040604316281993534,17
person,0,0,1,0.0424550140047753,17
person,0,0,0,0.05565741890840708,17
lion,1,1,1,0.0007054004768392851,17
lion,1,1,0,0.00035253504018067195,17
lion,1,0,1,0.0003321318307881946,17
lion,1,0,0,0.00028756231537424755,17
lion,0,1,1,0.00016381230768280238,17
lion,0,1,0,0.00009728722725854241,17
lion,0,0,1,0.00006293191067408682,17
lion,0,0,0,0.000060619540940821355,17
elephant,1,1,1,0.0004039833823415299,17
elephant,1,1,0,0.00034117897044760127,17
elephant,1,0,1,0.0004653158159448059,17
elephant,1,0,0,0.0005012303528188932,17
elephant,0,1,1,0.00009338649958258224,17
elephant,0,1,0,0.00008357029696204189,17
elephant,0,0,1,0.00008176621576157781,17
elephant,0,0,0,0.00010370011400540452,17
peacock,1,1,1,0.00040811143772285526,18
peacock,1,1,0,0.00014074335997362228,18
peacock,1,0,1,0.0003005276148407127,18
peacock,1,0,0,0.00011717021301761229,18
peacock,0,1,1,0.00018993094668682896,18
peacock,0,1,0,0.00006392878280981801,18
peacock,0,0,1,0.00017522526737192662,18
peacock,0,0,0,0.00005668226884254487,18
gorilla,1,1,1,0.0002790278106548015,18
gorilla,1,1,0,0.0003615713748856841,18
gorilla,1,0,1,0.00016126711108271956,18
gorilla,1,0,0,0.00021772938616569445,18
gorilla,0,1,1,0.00013337673018938475,18
gorilla,0,1,0,0.0001565262523749934,18
gorilla,0,0,1,0.0000592639562822791,18
gorilla,0,0,0,0.00010214644330129558,18
target,1,1,1,0.00046198263537103454,18
target,1,1,0,0.00028903680280686916,18
target,1,0,1,0.0002461056433630191,18
target,1,0,0,0.00017416253717353932,18
target,0,1,1,0.00013902217456260746,18
target,0,1,0,0.00008994118978775405,18
target,0,0,1,0.00009277729565021728,18
target,0,0,0,0.00005710919708133596,18
gazelle,1,1,1,0.000479246576424396,18
gazelle,1,1,0,0.00023507387897278594,18
gazelle,1,0,1,0.00039050843208199103,18
gazelle,1,0,0,0.00019908375826570925,18
gazelle,0,1,1,0.00010084562490437824,18
gazelle,0,1,0,0.00006827375739339514,18
gazelle,0,0,1,0.00008128360839094781,18
gazelle,0,0,0,0.00005918783825429156,18
person,1,1,1,0.18061033872565857,18
person,1,1,0,0.17427331393365486,18
person,1,0,1,0.147275312685948,18
person,1,0,0,0.1443293351648885,18
person,0,1,1,0.0865762411378393,18
person,0,1,0,0.08816559414410478,18
person,0,0,1,0.08637343964282289,18
person,0,0,0,0.08172235004015774,18
lion,1,1,1,0.0005956972612024101,18
lion,1,1,0,0.00023060899222161668,18
lion,1,0,1,0.0002081487272776224,18
lion,1,0,0,0.00015767475279783149,18
lion,0,1,1,0.00016467039381059373,18
lion,0,1,0,0.00006593349536215709,18
lion,0,0,1,0.00009230961365068115,18
lion,0,0,0,0.00004838885072307038,18
ox,1,1,1,0.00024231433419967297,18
ox,1,1,0,0.00028845601843339666,18
ox,1,0,1,0.0001144710351296332,18
ox,1,0,0,0.00011556336151723015,18
ox,0,1,1,0.00017836271207846707,18
ox,0,1,0,0.00023679826328047447,18
ox,0,0,1,0.00006573363131945747,18
ox,0,0,0,0.00010475998713206843,18
cheetah,1,1,1,0.0005127501201157556,18
cheetah,1,1,0,0.00032305889103912804,18
cheetah,1,0,1,0.0003418246573505116,18
cheetah,1,0,0,0.00026008689523831786,18
cheetah,0,1,1,0.00007045930517206188,18
cheetah,0,1,0,0.00005243462616138669,18
cheetah,0,0,1,0.00005546756964332418,18
cheetah,0,0,0,0.00006123112338147047,18
target,1,1,1,0.00041621787134526436,19
target,1,1,0,0.0002677737572173403,19
target,1,0,1,0.00021817955053851968,19
target,1,0,0,0.00018395005160304838,19
target,0,1,1,0.00034143002201730523,19
target,0,1,0,0.00023888498646243238,19
target,0,0,1,0.000155585680022957,19
target,0,0,0,0.00018052633966620952,19
frog,1,1,1,0.00039088155484106826,19
frog,1,1,0,0.0003424820900628142,19
frog,1,0,1,0.00018263693693593605,19
frog,1,0,0,0.00021229340805923233,19
frog,0,1,1,0.0002337660411779724,19
frog,0,1,0,0.0003100767641520114,19
frog,0,0,1,0.0001400657261060571,19
frog,0,0,0,0.00019283954952232658,19
person,1,1,1,0.145993205420581,19
person,1,1,0,0.13798146521100535,19
person,1,0,1,0.10982659237562618,19
person,1,0,0,0.1186790225230128,19
person,0,1,1,0.1253614411494386,19
person,0,1,0,0.1228104635821542,19
person,0,0,1,0.11393464422810999,19
person,0,0,0,0.11540474322277311,19
rabbit,1,1,1,0.0006495018591295119,19
rabbit,1,1,0,0.00019870700583833555,19
rabbit,1,0,1,0.0002313524897946686,19
rabbit,1,0,0,0.00012003706765441641,19
rabbit,0,1,1,0.00033840541034972974,19
rabbit,0,1,0,0.0001231411722753585,19
rabbit,0,0,1,0.00020385728691630072,19
rabbit,0,0,0,0.0001365300197677865,19
kitten,1,1,1,0.0004713409281588659,19
kitten,1,1,0,0.0001633736808837544,19
kitten,1,0,1,0.00025122759022863075,19
kitten,1,0,0,0.00012685835638033302,19
kitten,0,1,1,0.00038675009208937133,19
kitten,0,1,0,0.00017982268900493392,19
kitten,0,0,1,0.0002789240850883435,19
kitten,0,0,0,0.00013978835267657036,19
puppy,1,1,1,0.00036592708309548513,19
puppy,1,1,0,0.000269957313154623,19
puppy,1,0,1,0.00023124667931359951,19
puppy,1,0,0,0.00018254625619438587,19
puppy,0,1,1,0.00033749352581701294,19
puppy,0,1,0,0.00024398850359837215,19
puppy,0,0,1,0.00020862674406487049,19
puppy,0,0,0,0.00016142776609273473,19
target,1,1,1,0.0005196723178487354,20
target,1,1,0,0.0000615309536059448,20
target,1,0,1,0.0002979990125060092,20
target,1,0,0,0.00006562418027542238,20
target,0,1,1,0.0003461274913853083,20
target,0,1,0,0.00009102726831207772,20
target,0,0,1,0.00021006050492819022,20
target,0,0,0,0.0001168769476360573,20
gorilla,1,1,1,0.00046640471168714646,20
gorilla,1,1,0,0.00014429109588002598,20
gorilla,1,0,1,0.00023983417029485428,20
gorilla,1,0,0,0.00016155497595820472,20
gorilla,0,1,1,0.0002274672098097402,20
gorilla,0,1,0,0.00011305755435686563,20
gorilla,0,0,1,0.0002289854199158614,20
gorilla,0,0,0,0.00010359573437439098,20
bear,1,1,1,0.00047989880383024757,20
bear,1,1,0,0.00020973081844915574,20
bear,1,0,1,0.00027683079148364066,20
bear,1,0,0,0.00014575664306913243,20
bear,0,1,1,0.00022921189003412642,20
bear,0,1,0,0.0000983925838370128,20
bear,0,0,1,0.0001604997450563363,20
bear,0,0,0,0.00008076166202356045,20
tiger,1,1,1,0.0006047825306240352,20
tiger,1,1,0,0.00014129377049077827,20
tiger,1,0,1,0.00023379667594871213,20
tiger,1,0,0,0.00009245217971680679,20
tiger,0,1,1,0.00026022680027073527,20
tiger,0,1,0,0.00010501040273044461,20
tiger,0,0,1,0.00014919083914550208,20
tiger,0,0,0,0.00010682482820084046,20
person,1,1,1,0.1335361318354899,20
person,1,1,0,0.10967661491314681,20
person,1,0,1,0.10914821463430159,20
person,1,0,0,0.09626536558686852,20
person,0,1,1,0.1365460728211676,20
person,0,1,0,0.12509861715685988,20
person,0,0,1,0.152462708286236,20
person,0,0,0,0.1271304646459566,20
snake,1,1,1,0.00038182646056924636,20
snake,1,1,0,0.00018331722365027666,20
snake,1,0,1,0.00018431438839286673,20
snake,1,0,0,0.00011777645663889436,20
snake,0,1,1,0.0002539514086231121,20
snake,0,1,0,0.0001965786617029516,20
snake,0,0,1,0.00021809712262455927,20
snake,0,0,0,0.0001427691181830103,20
ox,1,1,1,0.0003324106517163551,20
ox,1,1,0,0.00014131787015032675,20
ox,1,0,1,0.00021526545730695247,20
ox,1,0,0,0.00011998854181728955,20
ox,0,1,1,0.0002889810067981889,20
ox,0,1,0,0.00015368365048892306,20
ox,0,0,1,0.00029560920535003424,20
ox,0,0,0,0.00014115238227399468,20
target,1,1,1,0.00038598668598226866,21
target,1,1,0,0.00025011497337049587,21
target,1,0,1,0.00030481741882467875,21
target,1,0,0,0.0001843809504713849,21
target,0,1,1,0.00010576674370378919,21
target,0,1,0,0.00007516455580595097,21
target,0,0,1,0.00011020050883691757,21
target,0,0,0,0.0000712714201613037,21
parrot,1,1,1,0.00037323706837877763,21
parrot,1,1,0,0.00019338923046876037,21
parrot,1,0,1,0.0002209636856565996,21
parrot,1,0,0,0.00017031743373408184,21
parrot,0,1,1,0.00015886018228993272,21
parrot,0,1,0,0.0000967444065076684,21
parrot,0,0,1,0.00011623673471212055,21
parrot,0,0,0,0.00007756857054458917,21
dolphin,1,1,1,0.0005523133145313003,21
dolphin,1,1,0,0.00024198260524142617,21
dolphin,1,0,1,0.0002044461613264055,21
dolphin,1,0,0,0.0001340326034812105,21
dolphin,0,1,1,0.00013292214069943398,21
dolphin,0,1,0,0.00008698479791898293,21
dolphin,0,0,1,0.00007107960816809431,21
dolphin,0,0,0,0.000066083451035641,21
dog,1,1,1,0.00035066611307790925,21
dog,1,1,0,0.00021735199376901227,21
dog,1,0,1,0.0003307749817711678,21
dog,1,0,0,0.00018041403708316797,21
dog,0,1,1,0.00010168942474638494,21
dog,0,1,0,0.0000953072840981466,21
dog,0,0,1,0.00011010561502561616,21
dog,0,0,0,0.00007933899499352948,21
cat,1,1,1,0.00036830835319066397,21
cat,1,1,0,0.00023777901574278983,21
cat,1,0,1,0.0002963877490261691,21
cat,1,0,0,0.00018857814270810272,21
cat,0,1,1,0.00009890691035045166,21
cat,0,1,0,0.00009769008393515182,21
cat,0,0,1,0.00009987787880648054,21
cat,0,0,0,0.00008331157345511666,21
hyena,1,1,1,0.00027167328119852383,21
hyena,1,1,0,0.00020181664610762723,21
hyena,1,0,1,0.0002759230160823714,21
hyena,1,0,0,0.00021110682660502046,21
hyena,0,1,1,0.0001296959267115167,21
hyena,0,1,0,0.0000971201525570641,21
hyena,0,0,1,0.00013623376911240694,21
hyena,0,0,0,0.00008565173367590495,21
person,1,1,1,0.21362221199217157,21
person,1,1,0,0.16899840373136704,21
person,1,0,1,0.176531921569522,21
person,1,0,0,0.13610524460319012,21
person,0,1,1,0.08320226644727717,21
person,0,1,0,0.07428537837664441,21
person,0,0,1,0.05882783337861534,21
person,0,0,0,0.07825231296158403,21
kitten,1,1,1,0.00038862299393173285,21
kitten,1,1,0,0.0002001619609323259,21
kitten,1,0,1,0.0002893166847212313,21
kitten,1,0,0,0.00015586546335681907,21
kitten,0,1,1,0.00013430609158387224,21
kitten,0,1,0,0.00009394171069374614,21
kitten,0,0,1,0.00010843761887890406,21
kitten,0,0,0,0.00007319965984760653,21
bat,1,1,1,0.0003588251230353867,22
bat,1,1,0,0.00010054470979926676,22
bat,1,0,1,0.0003192303330091564,22
bat,1,0,0,0.00008712925418492015,22
bat,0,1,1,0.00025430942963600676,22
bat,0,1,0,0.000054152099616699024,22
bat,0,0,1,0.00020171388754159372,22
bat,0,0,0,0.0000481283354010582,22
target,1,1,1,0.0005647037378372881,22
target,1,1,0,0.00011490387434023481,22
target,1,0,1,0.00048259581279023756,22
target,1,0,0,0.0001114085916306586,22
target,0,1,1,0.0001499909374678853,22
target,0,1,0,0.00003553576453149064,22
target,0,0,1,0.00015681281632123458,22
target,0,0,0,0.000029324497530520217,22
dolphin,1,1,1,0.00024795807472704747,22
dolphin,1,1,0,0.0004115990475383357,22
dolphin,1,0,1,0.00020959616480617467,22
dolphin,1,0,0,0.00042997002148888414,22
dolphin,0,1,1,0.00005459452145535571,22
dolphin,0,1,0,0.00008275383486100245,22
dolphin,0,0,1,0.00008380952498476452,22
dolphin,0,0,0,0.00007213826304388556,22
cat,1,1,1,0.0003293404957426452,22
cat,1,1,0,0.0002992945741882952,22
cat,1,0,1,0.00028289110579557625,22
cat,1,0,0,0.0002785352625809998,22
cat,0,1,1,0.00010486914137507833,22
cat,0,1,0,0.00007373162307763377,22
cat,0,0,1,0.00009895161471139467,22
cat,0,0,0,0.00008379223621727411,22
person,1,1,1,0.18327697138496568,22
person,1,1,0,0.17748701049447663,22
person,1,0,1,0.15478084133240633,22
person,1,0,0,0.15746662999224018,22
person,0,1,1,0.08737459247520608,22
person,0,1,0,0.06923022046157408,22
person,0,0,1,0.08311238060664956,22
person,0,0,0,0.07651093517690852,22
snake,1,1,1,0.00038680890120042845,22
snake,1,1,0,0.00042936344852320516,22
snake,1,0,1,0.00020831381588384503,22
snake,1,0,0,0.0001778647460527422,22
snake,0,1,1,0.00013439469602406998,22
snake,0,1,0,0.00010052103391227354,22
snake,0,0,1,0.00006396233524040051,22
snake,0,0,0,0.00005226712101307701,22
elephant,1,1,1,0.00022446153947208594,22
elephant,1,1,0,0.000346534101738848,22
elephant,1,0,1,0.00024982848278940145,22
elephant,1,0,0,0.00033662012172505727,22
elephant,0,1,1,0.00008248995497784903,22
elephant,0,1,0,0.0000841853123919903,22
elephant,0,0,1,0.00009614009206376708,22
elephant,0,0,0,0.00010006884769605784,22
mouse,1,1,1,0.00035582924144637683,22
mouse,1,1,0,0.0004257448950293133,22
mouse,1,0,1,0.00011921885406605503,22
mouse,1,0,0,0.000137802238741545,22
mouse,0,1,1,0.00015487408132894336,22
mouse,0,1,0,0.00007567624198743642,22
mouse,0,0,1,0.0001288130876254491,22
mouse,0,0,0,0.00007550017337476674,22
turtle,1,1,1,0.0004734122613424513,23
turtle,1,1,0,0.0002263347596542383,23
turtle,1,0,1,0.00041747074607121563,23
turtle,1,0,0,0.0001521450929039937,23
turtle,0,1,1,0.00006734645044573551,23
turtle,0,1,0,0.00001572829884160535,23
turtle,0,0,1,0.00003665493330035933,23
turtle,0,0,0,0.00000936663965662471,23
sloth,1,1,1,0.0005391219135692819,23
sloth,1,1,0,0.00017225983347579212,23
sloth,1,0,1,0.0004089913220105269,23
sloth,1,0,0,0.00016167812033256236,23
sloth,0,1,1,0.00006595591123237871,23
sloth,0,1,0,0.000020042955071003033,23
sloth,0,0,1,0.00003344967109742049,23
sloth,0,0,0,0.000009775546255686428,23
target,1,1,1,0.0009504150262241603,23
target,1,1,0,0.0006479699485704178,23
target,1,0,1,0.00020653776701627766,23
target,1,0,0,0.00019163795222471266,23
target,0,1,1,0.00003458730880442988,23
target,0,1,0,0.000015863329457482668,23
target,0,0,1,0.000007464577333140772,23
target,0,0,0,0.000006348275101433882,23
gorilla,1,1,1,0.0006373464303730949,23
gorilla,1,1,0,0.0007837890105213064,23
gorilla,1,0,1,0.0002541406957195223,23
gorilla,1,0,0,0.0002470234026802781,23
gorilla,0,1,1,0.000026524118823872524,23
gorilla,0,1,0,0.000022951002018193556,23
gorilla,0,0,1,0.000009438185610524827,23
gorilla,0,0,0,0.000008981610374754897,23
bear,1,1,1,0.0005850705413096321,23
bear,1,1,0,0.0006430422009826394,23
bear,1,0,1,0.00023118814582754192,23
bear,1,0,0,0.0003141697301470859,23
bear,0,1,1,0.000026376383942586762,23
bear,0,1,0,0.000025298817615171036,23
bear,0,0,1,0.000015373134137437536,23
bear,0,0,0,0.000011731474620164608,23
person,1,1,1,0.23050972070724407,23
person,1,1,0,0.23835226766361084,23
person,1,0,1,0.2135455813230489,23
person,1,0,0,0.2210122920014928,23
person,0,1,1,0.028435687120777722,23
person,0,1,0,0.025823937326380175,23
person,0,0,1,0.01698376226740594,23
person,0,0,0,0.013204610482000096,23
lion,1,1,1,0.00038653643720218004,23
lion,1,1,0,0.0006786440375387971,23
lion,1,0,1,0.00026870556141947856,23
lion,1,0,0,0.00039589259141440205,23
lion,0,1,1,0.000032492791978602416,23
lion,0,1,0,0.000023052995601740436,23
lion,0,0,1,0.00001651221028137305,23
lion,0,0,0,0.000011114265078067544,23
elephant,1,1,1,0.0005416425592214459,23
elephant,1,1,0,0.0004441035304029048,23
elephant,1,0,1,0.00023681847819673587,23
elephant,1,0,0,0.00027112211083417473,23
elephant,0,1,1,0.00004595915003242217,23
elephant,0,1,0,0.00003876112246637204,23
elephant,0,0,1,0.00001577303757423291,23
elephant,0,0,0,0.00001200670409988133,23
polar-bear,1,1,1,0.00047911470828251195,24
polar-bear,1,1,0,0.0004373898617806724,24
polar-bear,1,0,1,0.0003203162636541792,24
polar-bear,1,0,0,0.000280266378062724,24
polar-bear,0,1,1,0.00005841798686241928,24
polar-bear,0,1,0,0.00005672990779739168,24
polar-bear,0,0,1,0.00004859440784337064,24
polar-bear,0,0,0,0.000037323499292371386,24
target,1,1,1,0.0006323402304452055,24
target,1,1,0,0.0002961378475640109,24
target,1,0,1,0.0002776731668493789,24
target,1,0,0,0.00022206891384731522,24
target,0,1,1,0.00008307298233054698,24
target,0,1,0,0.00005313284462601944,24
target,0,0,1,0.00005691670937421962,24
target,0,0,0,0.00003952939109768112,24
hyena,1,1,1,0.00015741503373219474,24
hyena,1,1,0,0.0002089906945514766,24
hyena,1,0,1,0.00024737832638002216,24
hyena,1,0,0,0.0004945300241367352,24
hyena,0,1,1,0.000060829769664404695,24
hyena,0,1,0,0.00006484171853225,24
hyena,0,0,1,0.00007825100142869375,24
hyena,0,0,0,0.00010039041829408742,24
person,1,1,1,0.20091157422646166,24
person,1,1,0,0.2115088940065737,24
person,1,0,1,0.16795459096496562,24
person,1,0,0,0.18524594206518968,24
person,0,1,1,0.08112953857368799,24
person,0,1,0,0.04986696649377161,24
person,0,0,1,0.04610499900742274,24
person,0,0,0,0.046526514000432714,24
snake,1,1,1,0.00028475681287296663,24
snake,1,1,0,0.00039621769649471187,24
snake,1,0,1,0.0003035972147262251,24
snake,1,0,0,0.0005856536450081448,24
snake,0,1,1,0.000039544415419428355,24
snake,0,1,0,0.00003558045040642883,24
snake,0,0,1,0.000034362742836953666,24
snake,0,0,0,0.00006283613916514407,24
kitten,1,1,1,0.0003610537264046751,24
kitten,1,1,0,0.0003104077832959274,24
kitten,1,0,1,0.00021896245184577435,24
kitten,1,0,0,0.00020414833375829148,24
kitten,0,1,1,0.0001124563825422198,24
kitten,0,1,0,0.00007453814086379044,24
kitten,0,0,1,0.00009253183427631617,24
kitten,0,0,0,0.00005021879228905294,24
puppy,1,1,1,0.00035624690993892234,24
puppy,1,1,0,0.00021431081351893296,24
puppy,1,0,1,0.00023354940517679614,24
puppy,1,0,0,0.00012508984829698094,24
puppy,0,1,1,0.00021695524214946046,24
puppy,0,1,0,0.0000661448494187984,24
puppy,0,0,1,0.00006753067347238422,24
puppy,0,0,0,0.00004323168083219496,24
monkey,1,1,1,0.00036018221524177456,24
monkey,1,1,0,0.00022228453101082714,24
monkey,1,0,1,0.0003216971814162503,24
monkey,1,0,0,0.00026133925300091327,24
monkey,0,1,1,0.00009376305026135071,24
monkey,0,1,0,0.000068018642549978,24
monkey,0,0,1,0.00008101064617285054,24
monkey,0,0,0,0.0000611070704000457,24
hippo,1,1,1,0.0006306340219544831,25
hippo,1,1,0,0.00027685875703728914,25
hippo,1,0,1,0.00014398092615212056,25
hippo,1,0,0,0.00008344211287004827,25
hippo,0,1,1,0.00018680238304130144,25
hippo,0,1,0,0.00012143529470513938,25
hippo,0,0,1,0.000021136084370007148,25
hippo,0,0,0,0.00002988999155778525,25
skunk,1,1,1,0.0004549427106634643,25
skunk,1,1,0,0.00019814980021955997,25
skunk,1,0,1,0.00046009816755024694,25
skunk,1,0,0,0.00020903018080983132,25
skunk,0,1,1,0.00008600088977552983,25
skunk,0,1,0,0.000043915560981799515,25
skunk,0,0,1,0.0001050647105519598,25
skunk,0,0,0,0.00003918247766397226,25
target,1,1,1,0.0006524598859994178,25
target,1,1,0,0.0003254738572800443,25
target,1,0,1,0.00026090119065884317,25
target,1,0,0,0.00012982018587616545,25
target,0,1,1,0.0001093100871653201,25
target,0,1,0,0.00006639383864612191,25
target,0,0,1,0.00005625003845998072,25
target,0,0,0,0.00003606123243104664,25
dog,1,1,1,0.0003211443206674566,25
dog,1,1,0,0.00019776147752097802,25
dog,1,0,1,0.00032199938569846135,25
dog,1,0,0,0.00017906879391373486,25
dog,0,1,1,0.00007022183563422122,25
dog,0,1,0,0.00010928623030520246,25
dog,0,0,1,0.00008098267233917533,25
dog,0,0,0,0.00010897530383338069,25
cat,1,1,1,0.0002730451635813908,25
cat,1,1,0,0.0001927974472958072,25
cat,1,0,1,0.0003141249538984569,25
cat,1,0,0,0.00018292472971606914,25
cat,0,1,1,0.00007546103874791216,25
cat,0,1,0,0.00013148701020406194,25
cat,0,0,1,0.00006698433225191632,25
cat,0,0,0,0.00011529924948709354,25
person,1,1,1,0.2568271655814181,25
person,1,1,0,0.13618861188026707,25
person,1,0,1,0.22713241874296097,25
person,1,0,0,0.12263219230940056,25
person,0,1,1,0.05547702224763264,25
person,0,1,0,0.08327926325476438,25
person,0,0,1,0.03762879701543019,25
person,0,0,0,0.0700294089634721,25
rat,1,1,1,0.000524101158690046,25
rat,1,1,0,0.00024153928586736502,25
rat,1,0,1,0.0003985148901041434,25
rat,1,0,0,0.0002131972115257687,25
rat,0,1,1,0.00008313045822198001,25
rat,0,1,0,0.00005142523724414082,25
rat,0,0,1,0.00007637874051039254,25
rat,0,0,0,0.000045832996836970774,25
baboon,1,1,1,0.0006161741860932728,25
baboon,1,1,0,0.00030267455963815397,25
baboon,1,0,1,0.0004582441984931376,25
baboon,1,0,0,0.00009038598302068763,25
baboon,0,1,1,0.00011954845789167418,25
baboon,0,1,0,0.00003527073924608982,25
baboon,0,0,1,0.000052243950296671656,25
baboon,0,0,0,0.000027659619456838154,25
target,1,1,1,0.0006346987814177555,26
target,1,1,0,0.0003382627972198126,26
target,1,0,1,0.00017905347473981458,26
target,1,0,0,0.00015671561672167585,26
target,0,1,1,0.0001587075684792686,26
target,0,1,0,0.00007227269963712146,26
target,0,0,1,0.00004638541631366948,26
target,0,0,0,0.00003861295667841009,26
gazelle,1,1,1,0.0005726140808147086,26
gazelle,1,1,0,0.0003468234772160659,26
gazelle,1,0,1,0.0002415380967932627,26
gazelle,1,0,0,0.0002859058838708143,26
gazelle,0,1,1,0.00008826212615753454,26
gazelle,0,1,0,0.00007096289611897483,26
gazelle,0,0,1,0.00004384869116064082,26
gazelle,0,0,0,0.00004129756755399176,26
bear,1,1,1,0.0005303432207281751,26
bear,1,1,0,0.00035035192103520876,26
bear,1,0,1,0.00010803458410939685,26
bear,1,0,0,0.00008288887897476676,26
bear,0,1,1,0.0001956256770553,26
bear,0,1,0,0.0001673125992068575,26
bear,0,0,1,0.000037467899835662395,26
bear,0,0,0,0.000028567158752991072,26
cat,1,1,1,0.000441134598984392,26
cat,1,1,0,0.0003170622525927601,26
cat,1,0,1,0.00022216289975393702,26
cat,1,0,0,0.00023674086091637024,26
cat,0,1,1,0.000155589433740882,26
cat,0,1,0,0.0000800388052351264,26
cat,0,0,1,0.00005964048855960427,26
cat,0,0,0,0.00005398316988270604,26
person,1,1,1,0.09200297314796835,26
person,1,1,0,0.08969643042575387,26
person,1,0,1,0.26592895676107714,26
person,1,0,0,0.26084546613208887,26
person,0,1,1,0.03536879657437865,26
person,0,1,0,0.050522921642730534,26
person,0,0,1,0.09862958681905293,26
person,0,0,0,0.09594852407707266,26
kitten,1,1,1,0.0004905557491850531,26
kitten,1,1,0,0.00026803377077140594,26
kitten,1,0,1,0.00019417659024562964,26
kitten,1,0,0,0.00016659914864443462,26
kitten,0,1,1,0.00018639648484129127,26
kitten,0,1,0,0.00007585531183779014,26
kitten,0,0,1,0.00006792207082779479,26
kitten,0,0,0,0.00006563749881772205,26
cheetah,1,1,1,0.0006642961372320281,26
cheetah,1,1,0,0.0002991238777373709,26
cheetah,1,0,1,0.0002831991624153275,26
cheetah,1,0,0,0.000220852320207952,26
cheetah,0,1,1,0.00009803460774425412,26
cheetah,0,1,0,0.00006443626837771891,26
cheetah,0,0,1,0.00004654930404352457,26
cheetah,0,0,0,0.000030191515718882193,26
puppy,1,1,1,0.00038779780862231565,26
puppy,1,1,0,0.00021585325082629266,26
puppy,1,0,1,0.00022374870415027779,26
puppy,1,0,0,0.00017552431552312177,26
puppy,0,1,1,0.000222568360634755,26
puppy,0,1,0,0.00008195706795144073,26
puppy,0,0,1,0.00008829447889173309,26
puppy,0,0,0,0.00005583403437130905,26
target,1,1,1,0.000782693536585491,27
target,1,1,0,0.0005193019387324155,27
target,1,0,1,0.00031830416406965163,27
target,1,0,0,0.00036736201349203175,27
target,0,1,1,0.0001413022915207682,27
target,0,1,0,0.00010745933774828457,27
target,0,0,1,0.00007963936739907129,27
target,0,0,0,0.00007848526735315367,27
bear,1,1,1,0.0011903874311341382,27
bear,1,1,0,0.000365925778031435,27
bear,1,0,1,0.000281749783668651,27
bear,1,0,0,0.00030556500786552826,27
bear,0,1,1,0.00012861367150444073,27
bear,0,1,0,0.00009505668546136271,27
bear,0,0,1,0.00007222230154963142,27
bear,0,0,0,0.00006125608299413818,27
cat,1,1,1,0.00027866186964496827,27
cat,1,1,0,0.00026811318759077744,27
cat,1,0,1,0.00029643220614463127,27
cat,1,0,0,0.00043852236385476554,27
cat,0,1,1,0.00011058277235265857,27
cat,0,1,0,0.00014006228735070027,27
cat,0,0,1,0.0001495264029332519,27
cat,0,0,0,0.00022473179908631734,27
person,1,1,1,0.24418914817113474,27
person,1,1,0,0.11275041136919643,27
person,1,0,1,0.15658190995432977,27
person,1,0,0,0.18624202054764233,27
person,0,1,1,0.06901178709083111,27
person,0,1,0,0.0499987458206243,27
person,0,0,1,0.07134321758993459,27
person,0,0,0,0.09845737215000264,27
lion,1,1,1,0.0010010201104559422,27
lion,1,1,0,0.0004933307682323745,27
lion,1,0,1,0.00031754387376454893,27
lion,1,0,0,0.00027090449561103006,27
lion,0,1,1,0.00010192343936164745,27
lion,0,1,0,0.00009749655785124633,27
lion,0,0,1,0.00008289546834035372,27
lion,0,0,0,0.0000911828779929244,27
snake,1,1,1,0.0005920585844794149,27
snake,1,1,0,0.00036426505547959814,27
snake,1,0,1,0.0003864771977630713,27
snake,1,0,0,0.0003084925656147864,27
snake,0,1,1,0.0001689683817424684,27
snake,0,1,0,0.00012946647183898998,27
snake,0,0,1,0.0001345142528376808,27
snake,0,0,0,0.00008288965686968794,27
lamb,1,1,1,0.001041137262846705,28
lamb,1,1,0,0.0007740318744654123,28
lamb,1,0,1,0.0005255688076083085,28
lamb,1,0,0,0.0004509550596391037,28
lamb,0,1,1,0.00002194720358543901,28
lamb,0,1,0,0.000013654612512321167,28
lamb,0,0,1,0.000015436251530641736,28
lamb,0,0,0,0.000011581027825742129,28
target,1,1,1,0.0010957301388305515,28
target,1,1,0,0.0009352362789233139,28
target,1,0,1,0.0006268976523308769,28
target,1,0,0,0.0004959101481542682,28
target,0,1,1,0.000018314649124438782,28
target,0,1,0,0.000009094239562301567,28
target,0,0,1,0.000009986895020426607,28
target,0,0,0,0.000005257470034584051,28
dog,1,1,1,0.0007393608595125874,28
dog,1,1,0,0.0007368649478362331,28
dog,1,0,1,0.00047122345398692005,28
dog,1,0,0,0.0005426905969581371,28
dog,0,1,1,0.000028554149960377796,28
dog,0,1,0,0.00002389782197410454,28
dog,0,0,1,0.000013386940627212461,28
dog,0,0,0,0.000015085534445842517,28
cat,1,1,1,0.0005180011896910286,28
cat,1,1,0,0.0009477118456935451,28
cat,1,0,1,0.00029961352217096815,28
cat,1,0,0,0.00046792968543533605,28
cat,0,1,1,0.000020372663182542178,28
cat,0,1,0,0.000029058295495392883,28
cat,0,0,1,0.000017926444082952056,28
cat,0,0,0,0.00002255716821550426,28
person,1,1,1,0.20398454213962106,28
person,1,1,0,0.23119087526749302,28
person,1,0,1,0.22907162681607057,28
person,1,0,0,0.21698352563594453,28
person,0,1,1,0.016172986698045937,28
person,0,1,0,0.021546330548728534,28
person,0,0,1,0.03717786080005504,28
person,0,0,0,0.024431222274434384,28
mammoth,1,1,1,0.0009651997846779102,28
mammoth,1,1,0,0.0008302167314506242,28
mammoth,1,0,1,0.0005887656985107105,28
mammoth,1,0,0,0.0006257184990921059,28
mammoth,0,1,1,0.000017026215932510814,28
mammoth,0,1,0,0.000011266298718544707,28
mammoth,0,0,1,0.000013800420469979022,28
mammoth,0,0,0,0.000007481550912882842,28
rabbit,1,1,1,0.0011814988082357884,28
rabbit,1,1,0,0.0008875671143915711,28
rabbit,1,0,1,0.0004419674534955594,28
rabbit,1,0,0,0.00026263527638033994,28
rabbit,0,1,1,0.000024042524970975702,28
rabbit,0,1,0,0.00002026721377802683,28
rabbit,0,0,1,0.000013633436851353727,28
rabbit,0,0,0,0.000008828905777364804,28
ox,1,1,1,0.0005659560153714914,28
ox,1,1,0,0.0007324679300307436,28
ox,1,0,1,0.0005626287178476572,28
ox,1,0,0,0.0006567019057432651,28
ox,0,1,1,0.00002361594173998842,28
ox,0,1,0,0.000016408891131392215,28
ox,0,0,1,0.00002522047418021523,28
ox,0,0,0,0.000013139318652876064,28
target,1,1,1,0.0016495075945036632,29
target,1,1,0,0.0008388494668619165,29
target,1,0,1,0.0008197840636249295,29
target,1,0,0,0.000577175615693213,29
target,0,1,1,0.0000367940626566319,29
target,0,1,0,0.000019756491288938166,29
target,0,0,1,0.000014069131999007545,29
target,0,0,0,0.000007204671875298439,29
snake,1,1,1,0.0011722704022596728,29
snake,1,1,0,0.000621013628958889,29
snake,1,0,1,0.0008460818195454079,29
snake,1,0,0,0.000627348333049086,29
snake,0,1,1,0.00004808908980718752,29
snake,0,1,0,0.000024266909184624144,29
snake,0,0,1,0.000022675526695806488,29
snake,0,0,0,0.000013148456341605031,29
bear,1,1,1,0.0005470311769395976,29
bear,1,1,0,0.0005060399903435496,29
bear,1,0,1,0.00038702325332047865,29
bear,1,0,0,0.0003140361557953142,29
bear,0,1,1,0.0001001725249861222,29
bear,0,1,0,0.00003687456726423861,29
bear,0,0,1,0.00004193532636846426,29
bear,0,0,0,0.00001863631267689572,29
person,1,1,1,0.18615574901224738,29
person,1,1,0,0.21526672422034143,29
person,1,0,1,0.22306883610465872,29
person,1,0,0,0.21543490471166782,29
person,0,1,1,0.049368030753638256,29
person,0,1,0,0.033989033288228415,29
person,0,0,1,0.029572920159749237,29
person,0,0,0,0.0271425921013822,29
lion,1,1,1,0.0005218824000698054,29
lion,1,1,0,0.00043347866055145484,29
lion,1,0,1,0.0003576219677446945,29
lion,1,0,0,0.00031521456796463525,29
lion,0,1,1,0.0001262554063795422,29
lion,0,1,0,0.00003883652355029446,29
lion,0,0,1,0.00003377154687921535,29
lion,0,0,0,0.00001558446052211444,29
wolf,1,1,1,0.0008412204358118143,29
wolf,1,1,0,0.00047059554876824794,29
wolf,1,0,1,0.0003890689611842408,29
wolf,1,0,0,0.00035980802542754026,29
wolf,0,1,1,0.0001051220366274057,29
wolf,0,1,0,0.00003224584019780307,29
wolf,0,0,1,0.000026821025429748892,29
wolf,0,0,0,0.000019199299173947474,29
zebra,1,1,1,0.0008602363205656879,29
zebra,1,1,0,0.000824936062027082,29
zebra,1,0,1,0.0009503837978779428,29
zebra,1,0,0,0.0013931624004161617,29
zebra,0,1,1,0.000022665221889758636,29
zebra,0,1,0,0.00001614107900481162,29
zebra,0,0,1,0.00001416475516961625,29
zebra,0,0,0,0.000009536441124315898,29
bass,1,1,1,0.00044012487361161655,29
bass,1,1,0,0.0006865283103914985,29
bass,1,0,1,0.0005040313995994502,29
bass,1,0,0,0.0007620125633284958,29
bass,0,1,1,0.00004736674753118448,29
bass,0,1,0,0.00003493280081377218,29
bass,0,0,1,0.00002933602150878892,29
bass,0,0,0,0.000029139574903258432,29
hippo,1,1,1,0.0004586037073403618,30
hippo,1,1,0,0.00033563673181791665,30
hippo,1,0,1,0.0005761183500281162,30
hippo,1,0,0,0.0004566216731713168,30
hippo,0,1,1,0.00002224589330311166,30
hippo,0,1,0,0.000023282784693637947,30
hippo,0,0,1,0.00002950750790459897,30
hippo,0,0,0,0.000021554143776752267,30
horse,1,1,1,0.0005631591713913719,30
horse,1,1,0,0.00035398429776455114,30
horse,1,0,1,0.00039845544722646466,30
horse,1,0,0,0.0003284948440960694,30
horse,0,1,1,0.00004033495355113228,30
horse,0,1,0,0.000032807449360819164,30
horse,0,0,1,0.00003301771009561113,30
horse,0,0,0,0.000024119986983683036,30
target,1,1,1,0.000701799355953349,30
target,1,1,0,0.0003567556439947613,30
target,1,0,1,0.0004766281588338288,30
target,1,0,0,0.0002710507813515189,30
target,0,1,1,0.00003883376343642348,30
target,0,1,0,0.00002337216694430066,30
target,0,0,1,0.000025885787465532096,30
target,0,0,0,0.000016133608449013032,30
gazelle,1,1,1,0.00038902470610433784,30
gazelle,1,1,0,0.00039161038914558476,30
gazelle,1,0,1,0.00026690076569704324,30
gazelle,1,0,0,0.0002544323448868685,30
gazelle,0,1,1,0.00007281775789610401,30
gazelle,0,1,0,0.00004385987810134255,30
gazelle,0,0,1,0.000042720843506430256,30
gazelle,0,0,0,0.000031719522982587974,30
swan,1,1,1,0.000596593336278409,30
swan,1,1,0,0.00032310386604745834,30
swan,1,0,1,0.00023995541363153574,30
swan,1,0,0,0.00019892024283210176,30
swan,0,1,1,0.00008260566923008244,30
swan,0,1,0,0.00003587989901176424,30
swan,0,0,1,0.00003551641631994954,30
swan,0,0,0,0.000029779210967937978,30
person,1,1,1,0.2476890251652744,30
person,1,1,0,0.19580790030149764,30
person,1,0,1,0.2161033666926944,30
person,1,0,0,0.18818033759481204,30
person,0,1,1,0.046322744306261134,30
person,0,1,0,0.03255921942516509,30
person,0,0,1,0.029934476815566213,30
person,0,0,0,0.031116514027614384,30
lion,1,1,1,0.0005831472335191423,30
lion,1,1,0,0.00039347714366902366,30
lion,1,0,1,0.00039755925906676567,30
lion,1,0,0,0.00028815944589006095,30
lion,0,1,1,0.00004760912925150334,30
lion,0,1,0,0.000026297819324114395,30
lion,0,0,1,0.000037785703055438436,30
lion,0,0,0,0.00001764420826802302,30
elephant,1,1,1,0.0005797846561950294,30
elephant,1,1,0,0.0002549344633345596,30
elephant,1,0,1,0.000594469313580296,30
elephant,1,0,0,0.000306370689963111,30
elephant,0,1,1,0.00003440085874596383,30
elephant,0,1,0,0.00001572211837736244,30
elephant,0,0,1,0.00004439929203342636,30
elephant,0,0,0,0.000020810155267419526,30
target,1,1,1,0.0006359531931951045,31
target,1,1,0,0.0002856708375356446,31
target,1,0,1,0.0002523668136543679,31
target,1,0,0,0.0002690625519474798,31
target,0,1,1,0.00012356562131564085,31
target,0,1,0,0.00007606215949456921,31
target,0,0,1,0.00007942561379237655,31
target,0,0,0,0.00011138920126840801,31
bear,1,1,1,0.0007607510457608448,31
bear,1,1,0,0.0003900970968782644,31
bear,1,0,1,0.00027556585654506813,31
bear,1,0,0,0.00031385317508525094,31
bear,0,1,1,0.00008735812800002884,31
bear,0,1,0,0.00006367749145467224,31
bear,0,0,1,0.00005300344395058664,31
bear,0,0,0,0.000056179877405005664,31
cat,1,1,1,0.00027517424209351537,31
cat,1,1,0,0.0001622995710464369,31
cat,1,0,1,0.00022278076867619085,31
cat,1,0,0,0.000183506441861786,31
cat,0,1,1,0.0001143597722035756,31
cat,0,1,0,0.00011049354900769814,31
cat,0,0,1,0.000138245894628799,31
cat,0,0,0,0.0002799096950484612,31
person,1,1,1,0.24287315929825298,31
person,1,1,0,0.1589036563444546,31
person,1,0,1,0.11704133422462396,31
person,1,0,0,0.16270573776100386,31
person,0,1,1,0.0929138809135494,31
person,0,1,0,0.062310963798413346,31
person,0,0,1,0.05975580860547933,31
person,0,0,0,0.09276565855885661,31
lion,1,1,1,0.0005584753873660508,31
lion,1,1,0,0.0004029134271649068,31
lion,1,0,1,0.00018096599424158037,31
lion,1,0,0,0.0003301583231955664,31
lion,0,1,1,0.00015167987320081425,31
lion,0,1,0,0.0000733695173375304,31
lion,0,0,1,0.00007763362385889371,31
lion,0,0,0,0.00007641056653117264,31
snake,1,1,1,0.0004431416332446691,31
snake,1,1,0,0.0003058935077864338,31
snake,1,0,1,0.00022425116860288102,31
snake,1,0,0,0.00044179139198635226,31
snake,0,1,1,0.00012474428919685316,31
snake,0,1,0,0.00009165852176690713,31
snake,0,0,1,0.00007672360222101166,31
snake,0,0,0,0.00010545462133222734,31
bull,1,1,1,0.0004239113471205651,31
bull,1,1,0,0.00032524346478807095,31
bull,1,0,1,0.0003037711708923823,31
bull,1,0,0,0.00022674894202382508,31
bull,0,1,1,0.00016501799250252065,31
bull,0,1,0,0.00009346130316751809,31
bull,0,0,1,0.00010139113646296702,31
bull,0,0,0,0.00010423764752442447,31
peacock,1,1,1,0.0009914651665050007,32
peacock,1,1,0,0.0009019813218789473,32
peacock,1,0,1,0.0007650836859596243,32
peacock,1,0,0,0.0007576571998054828,32
peacock,0,1,1,0.000024688952740877065,32
peacock,0,1,0,0.000016821157132060907,32
peacock,0,0,1,0.000016819183060158787,32
peacock,0,0,0,0.000012722005211956315,32
target,1,1,1,0.001324931250209151,32
target,1,1,0,0.0008422954405429316,32
target,1,0,1,0.0012824047161574855,32
target,1,0,0,0.0007367662608239939,32
target,0,1,1,0.000012243780719550013,32
target,0,1,0,0.000006939044610352783,32
target,0,0,1,0.000010125091179175137,32
target,0,0,0,0.000008046555162527488,32
gazelle,1,1,1,0.000641120823421857,32
gazelle,1,1,0,0.0002647525142920663,32
gazelle,1,0,1,0.0007041316404123751,32
gazelle,1,0,0,0.0003167259204882257,32
gazelle,0,1,1,0.00004071375472103067,32
gazelle,0,1,0,0.0000177291936828566,32
gazelle,0,0,1,0.000055618587130018325,32
gazelle,0,0,0,0.000018412613513721592,32
tiger,1,1,1,0.0015413122095161525,32
tiger,1,1,0,0.0006055513818117002,32
tiger,1,0,1,0.0013575131971239078,32
tiger,1,0,0,0.0006481949692883723,32
tiger,0,1,1,0.00001562308747991636,32
tiger,0,1,0,0.000006641672072847647,32
tiger,0,0,1,0.000010468674744047125,32
tiger,0,0,0,0.000006572419941549164,32
person,1,1,1,0.21982037607567576,32
person,1,1,0,0.18933009101525022,32
person,1,0,1,0.28771357489637045,32
person,1,0,0,0.1696634825593936,32
person,0,1,1,0.02699037693107962,32
person,0,1,0,0.023203223247264586,32
person,0,0,1,0.03183267408896382,32
person,0,0,0,0.028863935913228327,32
cheetah,1,1,1,0.0012291296959308703,32
cheetah,1,1,0,0.0003335933940860183,32
cheetah,1,0,1,0.0010028203358955776,32
cheetah,1,0,0,0.0004775219031750991,32
cheetah,0,1,1,0.000026714502966335666,32
cheetah,0,1,0,0.000020659435250700434,32
cheetah,0,0,1,0.000024504721376599366,32
cheetah,0,0,0,0.000014706366643544409,32
bird,1,1,1,0.0007305092489760483,32
bird,1,1,0,0.0005421112005662781,32
bird,1,0,1,0.000779421354615726,32
bird,1,0,0,0.0005616274876366599,32
bird,0,1,1,0.000029660699422258517,32
bird,0,1,0,0.0000237401607514852,32
bird,0,0,1,0.0000307390354194203,32
bird,0,0,0,0.00002004571253652234,32
bass,1,1,1,0.000698565063082736,32
bass,1,1,0,0.0005108651740383531,32
bass,1,0,1,0.0009014079921891786,32
bass,1,0,0,0.0005603293500543364,32
bass,0,1,1,0.00003205780439518867,32
bass,0,1,0,0.000018805074551214564,32
bass,0,0,1,0.00002850504278397753,32
bass,0,0,0,0.000022151045089802214,32
