target,1,1,1,0.0004203181493818573,1
target,1,1,0,0.00018929812351903017,1
target,1,0,1,0.0002146563471671814,1
target,1,0,0,0.0001933231482218507,1
target,0,1,1,0.00012168651363986762,1
target,0,1,0,0.00009612524236786549,1
target,0,0,1,0.0001055068794105339,1
target,0,0,0,0.00009361203619190425,1
gorilla,1,1,1,0.00043722225680492425,1
gorilla,1,1,0,0.0001798830930190181,1
gorilla,1,0,1,0.00020368050836120396,1
gorilla,1,0,0,0.0000952400921196131,1
gorilla,0,1,1,0.00018607370642143267,1
gorilla,0,1,0,0.00010435557712899799,1
gorilla,0,0,1,0.0001423439167467995,1
gorilla,0,0,0,0.00006420000784872504,1
bee,1,1,1,0.0004965154237871806,1
bee,1,1,0,0.00018223538692587726,1
bee,1,0,1,0.00014098792255088196,1
bee,1,0,0,0.00010350076137769429,1
bee,0,1,1,0.00017239940135109372,1
bee,0,1,0,0.000137727520287167,1
bee,0,0,1,0.00010907840166341528,1
bee,0,0,0,0.00007074279832146737,1
person,1,1,1,0.12235842315011249,1
person,1,1,0,0.12571892210817395,1
person,1,0,1,0.11838526050948069,1
person,1,0,0,0.12814382756014284,1
person,0,1,1,0.11807304248478939,1
person,0,1,0,0.12934263565933787,1
person,0,0,1,0.11771930160198768,1
person,0,0,0,0.13029407836565363,1
hamster,1,1,1,0.000503600166712939,1
hamster,1,1,0,0.00016775697604539742,1
hamster,1,0,1,0.00026505126438162844,1
hamster,1,0,0,0.00015706477563746685,1
hamster,0,1,1,0.00013390139713318245,1
hamster,0,1,0,0.00004668016902524544,1
hamster,0,0,1,0.00010374429997361474,1
hamster,0,0,0,0.00005045916485935461,1
ox,1,1,1,0.0005094127106882373,1
ox,1,1,0,0.0002243528471380665,1
ox,1,0,1,0.00023776836448847634,1
ox,1,0,0,0.00015300322923863727,1
ox,0,1,1,0.00011096476723238346,1
ox,0,1,0,0.00006890636003418735,1
ox,0,0,1,0.00008053291737651956,1
ox,0,0,0,0.00004810825577631647,1
beaver,1,1,1,0.0004367493425846447,1
beaver,1,1,0,0.00014808207183753292,1
beaver,1,0,1,0.00019588561237835354,1
beaver,1,0,0,0.0001287025994045806,1
beaver,0,1,1,0.00022278576886693627,1
beaver,0,1,0,0.00008849720357705681,1
beaver,0,0,1,0.00013384263397262303,1
beaver,0,0,0,0.00005624124182442114,1
mouse,1,1,1,0.00036628975168770476,1
mouse,1,1,0,0.00019134881013851523,1
mouse,1,0,1,0.0002470890398052932,1
mouse,1,0,0,0.0001902382228375082,1
mouse,0,1,1,0.00014866802439906458,1
mouse,0,1,0,0.00008016336067048507,1
mouse,0,0,1,0.00013587148530750236,1
mouse,0,0,0,0.00007203251067227873,1
owl,1,1,1,0.0003863284774729481,2
owl,1,1,0,0.00013319177285247793,2
owl,1,0,1,0.00016203254455693432,2
owl,1,0,0,0.00009696383741836137,2
owl,0,1,1,0.0004631494915449506,2
owl,0,1,0,0.00021244384573114013,2
owl,0,0,1,0.00015751417003351722,2
owl,0,0,0,0.00006809132231450379,2
target,1,1,1,0.00041214563734087413,2
target,1,1,0,0.00012831130657616177,2
target,1,0,1,0.000252782346228398,2
target,1,0,0,0.00012211107924714256,2
target,0,1,1,0.0003367670250565782,2
target,0,1,0,0.00011999922602660957,2
target,0,0,1,0.00021410554126511787,2
target,0,0,0,0.00011331990683408869,2
bear,1,1,1,0.00046006841670554285,2
bear,1,1,0,0.00014010803505005846,2
bear,1,0,1,0.0002903870313641581,2
bear,1,0,0,0.00011621245072862092,2
bear,0,1,1,0.0003730997972350487,2
bear,0,1,0,0.00012614202914191597,2
bear,0,0,1,0.00015423733367872145,2
bear,0,0,0,0.00004470541750672604,2
person,1,1,1,0.0874592689629234,2
person,1,1,0,0.10803329629790918,2
person,1,0,1,0.12996393952722513,2
person,1,0,0,0.14664600173733452,2
person,0,1,1,0.10471734140695117,2
person,0,1,0,0.12050840540873742,2
person,0,0,1,0.126061459209147,2
person,0,0,0,0.1664492961007493,2
snake,1,1,1,0.00029255786421115266,2
snake,1,1,0,0.0001199036629855909,2
snake,1,0,1,0.0001662891313600401,2
snake,1,0,0,0.00014456936648432362,2
snake,0,1,1,0.0004731616739397598,2
snake,0,1,0,0.00020982074280600883,2
snake,0,0,1,0.000219845993035535,2
snake,0,0,0,0.00005368911410908904,2
mouse,1,1,1,0.00041574470804345797,2
mouse,1,1,0,0.0001432647792199258,2
mouse,1,0,1,0.00024604644691340595,2
mouse,1,0,0,0.00009082457260021457,2
mouse,0,1,1,0.0003891980376565016,2
mouse,0,1,0,0.0001181994040295453,2
mouse,0,0,1,0.0001976073636593994,2
mouse,0,0,0,0.00009746237478100718,2
mole,1,1,1,0.0004138753961541316,2
mole,1,1,0,0.0001561097798787774,2
mole,1,0,1,0.00023179515118177576,2
mole,1,0,0,0.00012520397601861378,2
mole,0,1,1,0.00035195158413826015,2
mole,0,1,0,0.00011491732013102072,2
mole,0,0,1,0.0002173482976545005,2
mole,0,0,0,0.00008738656611995,2
shark,1,1,1,0.00039077809513042675,3
shark,1,1,0,0.0002188325304322531,3
shark,1,0,1,0.00018396910060737543,3
shark,1,0,0,0.00012138926814338094,3
shark,0,1,1,0.00018236023739985467,3
shark,0,1,0,0.00012446407010790935,3
shark,0,0,1,0.00010246651634858039,3
shark,0,0,0,0.00006266329626822964,3
target,1,1,1,0.0002806702086090502,3
target,1,1,0,0.0001851361512462396,3
target,1,0,1,0.00019192401359999423,3
target,1,0,0,0.0001610364891441707,3
target,0,1,1,0.00016824306420795655,3
target,0,1,0,0.00015171239563772064,3
target,0,0,1,0.0001304075673764104,3
target,0,0,0,0.00013904177048150313,3
tiger,1,1,1,0.00029851573272529744,3
tiger,1,1,0,0.00021166071024095198,3
tiger,1,0,1,0.00018383392872675192,3
tiger,1,0,0,0.0001549390117986038,3
tiger,0,1,1,0.00013864271891733768,3
tiger,0,1,0,0.00015128442324734392,3
tiger,0,0,1,0.00012418622724687524,3
tiger,0,0,0,0.0001423770428292321,3
person,1,1,1,0.11510897574791822,3
person,1,1,0,0.12586858449582874,3
person,1,0,1,0.1136446835683339,3
person,1,0,0,0.11576167144128645,3
person,0,1,1,0.11700588188493641,3
person,0,1,0,0.13422329464836905,3
person,0,0,1,0.12258426516363007,3
person,0,0,0,0.14602856467285188,3
lion,1,1,1,0.0003725905277013306,3
lion,1,1,0,0.0001838952634948273,3
lion,1,0,1,0.00023476897879012228,3
lion,1,0,0,0.00011694233980156238,3
lion,0,1,1,0.0001517517210842105,3
lion,0,1,0,0.00012643649421664036,3
lion,0,0,1,0.00009805088123245831,3
lion,0,0,0,0.00010923203166377376,3
snake,1,1,1,0.00032106498458536146,3
snake,1,1,0,0.00022083303004865018,3
snake,1,0,1,0.00020578085939084405,3
snake,1,0,0,0.00015961892973938565,3
snake,0,1,1,0.00016456277438976608,3
snake,0,1,0,0.0001241533220662224,3
snake,0,0,1,0.00011856374075159218,3
snake,0,0,0,0.00008175018341336957,3
elephant,1,1,1,0.0003467886000686025,3
elephant,1,1,0,0.00020363275737288365,3
elephant,1,0,1,0.00021502985426642555,3
elephant,1,0,0,0.0001453120060809984,3
elephant,0,1,1,0.00014557085620516629,3
elephant,0,1,0,0.00012917719512263472,3
elephant,0,0,1,0.0001156721647583526,3
elephant,0,0,0,0.00009452289517395439,3
whale,1,1,1,0.00038649609744078456,3
whale,1,1,0,0.0002351328511958141,3
whale,1,0,1,0.00016122076155222144,3
whale,1,0,0,0.00013960664375691002,3
whale,0,1,1,0.0001599225994790215,3
whale,0,1,0,0.00014829354881933196,3
whale,0,0,1,0.00008381325572507556,3
whale,0,0,0,0.00007335565698320438,3
target,1,1,1,0.00025982146521465985,4
target,1,1,0,0.0002698864083820619,4
target,1,0,1,0.00016029755734512803,4
target,1,0,0,0.00017258983884546443,4
target,0,1,1,0.00015847088516935247,4
target,0,1,0,0.00017770131881221334,4
target,0,0,1,0.00010831118970608416,4
target,0,0,0,0.0001156820624715458,4
ant,1,1,1,0.00029277847791274274,4
ant,1,1,0,0.0002921799485076906,4
ant,1,0,1,0.00013523378052850152,4
ant,1,0,0,0.00014184359399812608,4
ant,0,1,1,0.0001820236490839736,4
ant,0,1,0,0.00017714461947150394,4
ant,0,0,1,0.00009416950606329622,4
ant,0,0,0,0.00010688927339650566,4
person,1,1,1,0.11796668964374073,4
person,1,1,0,0.13164960070842793,4
person,1,0,1,0.12337313769664357,4
person,1,0,0,0.13904588268201507,4
person,0,1,1,0.10168863925859178,4
person,0,1,0,0.1326398109968954,4
person,0,0,1,0.11031207085927797,4
person,0,0,0,0.13341679383333432,4
lion,1,1,1,0.0003291391630999163,4
lion,1,1,0,0.00025426072871244804,4
lion,1,0,1,0.00019837911458098646,4
lion,1,0,0,0.00013305121453021445,4
lion,0,1,1,0.00018511455993720796,4
lion,0,1,0,0.00012706911296229742,4
lion,0,0,1,0.00010494633401152506,4
lion,0,0,0,0.00007780051025250525,4
hamster,1,1,1,0.0002874452492851437,4
hamster,1,1,0,0.00028929519758920196,4
hamster,1,0,1,0.00019457265309320967,4
hamster,1,0,0,0.00019172342214442874,4
hamster,0,1,1,0.00015545568510862956,4
hamster,0,1,0,0.00014496199386352794,4
hamster,0,0,1,0.00007984757175878085,4
hamster,0,0,0,0.00007281874589023284,4
bull,1,1,1,0.0002672976966149897,4
bull,1,1,0,0.00023064464058783057,4
bull,1,0,1,0.00019465645366983122,4
bull,1,0,0,0.00016250266242451574,4
bull,0,1,1,0.00017696708578916921,4
bull,0,1,0,0.00015327008964402777,4
bull,0,0,1,0.00011729121548185728,4
bull,0,0,0,0.00011405992457855056,4
beaver,1,1,1,0.0003340320778244071,4
beaver,1,1,0,0.00026098351961536967,4
beaver,1,0,1,0.00022659678024273256,4
beaver,1,0,0,0.00017011208345600956,4
beaver,0,1,1,0.00013313550789652732,4
beaver,0,1,0,0.00008520757886877643,4
beaver,0,0,1,0.000130227894833839,4
beaver,0,0,0,0.000064791895954667,4
mouse,1,1,1,0.00037139854675655106,4
mouse,1,1,0,0.00024431033224816764,4
mouse,1,0,1,0.00015331556505400492,4
mouse,1,0,0,0.00013648515495290879,4
mouse,0,1,1,0.00014475340953658123,4
mouse,0,1,0,0.00016010768517323165,4
mouse,0,0,1,0.00009649258620413845,4
mouse,0,0,0,0.00010782910193552614,4
eagle,1,1,1,0.00026879179977632725,5
eagle,1,1,0,0.00024040310105531186,5
eagle,1,0,1,0.00018220646829764727,5
eagle,1,0,0,0.00017718165045418384,5
eagle,0,1,1,0.00017282912757689582,5
eagle,0,1,0,0.0001759664635990483,5
eagle,0,0,1,0.00011639986840731524,5
eagle,0,0,0,0.00009506233753315781,5
horse,1,1,1,0.00030973199655467726,5
horse,1,1,0,0.0002701961147048361,5
horse,1,0,1,0.00018197499843356939,5
horse,1,0,0,0.0001734999796539713,5
horse,0,1,1,0.00014714563601056195,5
horse,0,1,0,0.0001172111027511577,5
horse,0,0,1,0.0001304015801761818,5
horse,0,0,0,0.00009761297320982843,5
target,1,1,1,0.0002679027025773987,5
target,1,1,0,0.0002552162881177153,5
target,1,0,1,0.00017506354561466674,5
target,1,0,0,0.00017569758001633175,5
target,0,1,1,0.0001575334477635338,5
target,0,1,0,0.00015035750954151496,5
target,0,0,1,0.00012456139619805286,5
target,0,0,0,0.00012241741927050117,5
gazelle,1,1,1,0.0002673948055529531,5
gazelle,1,1,0,0.0002548871391854077,5
gazelle,1,0,1,0.00015046896666405602,5
gazelle,1,0,0,0.00015451466333845615,5
gazelle,0,1,1,0.00018753173182495378,5
gazelle,0,1,0,0.00018360569635071455,5
gazelle,0,0,1,0.00012413735632242837,5
gazelle,0,0,0,0.00010711017631173973,5
swan,1,1,1,0.0002790692448072341,5
swan,1,1,0,0.0002458388524716835,5
swan,1,0,1,0.0001822617543905474,5
swan,1,0,0,0.00018785357846825686,5
swan,0,1,1,0.0001388304767624954,5
swan,0,1,0,0.0001305098104450218,5
swan,0,0,1,0.0001401539100996659,5
swan,0,0,0,0.00012355133320788756,5
person,1,1,1,0.1380826144691868,5
person,1,1,0,0.14658466445257923,5
person,1,0,1,0.1379903134036418,5
person,1,0,0,0.15561627901770878,5
person,0,1,1,0.09829437225652791,5
person,0,1,0,0.10223862078792256,5
person,0,0,1,0.0955269790947354,5
person,0,0,0,0.11566635039523204,5
hamster,1,1,1,0.0003158971801614072,5
hamster,1,1,0,0.00025371426758283446,5
hamster,1,0,1,0.0001609496196802849,5
hamster,1,0,0,0.00016266443593212872,5
hamster,0,1,1,0.00013324444489351195,5
hamster,0,1,0,0.00013866884405850914,5
hamster,0,0,1,0.00014096092437332276,5
hamster,0,0,0,0.00012225633910888046,5
mouse,1,1,1,0.0002882770688524344,5
mouse,1,1,0,0.0002785330551135264,5
mouse,1,0,1,0.00018216536429477986,5
mouse,1,0,0,0.00016544668846598266,5
mouse,0,1,1,0.00014157882224799412,5
mouse,0,1,0,0.00013214956048814428,5
mouse,0,0,1,0.00012060879638898481,5
mouse,0,0,0,0.00011960612732500424,5
target,1,1,1,0.0003964360130864273,6
target,1,1,0,0.00022160157322264002,6
target,1,0,1,0.00017737115643840867,6
target,1,0,0,0.0001473016505463476,6
target,0,1,1,0.00018248017776759446,6
target,0,1,0,0.00012137313595399211,6
target,0,0,1,0.00010013364882749996,6
target,0,0,0,0.00008558191025933596,6
gorilla,1,1,1,0.0004417647550892409,6
gorilla,1,1,0,0.00022168681277899107,6
gorilla,1,0,1,0.00015789147879393566,6
gorilla,1,0,0,0.0001405103350822613,6
gorilla,0,1,1,0.0001912593812067543,6
gorilla,0,1,0,0.00012092027823793745,6
gorilla,0,0,1,0.0000904436291341273,6
gorilla,0,0,0,0.00006824120107103931,6
elephant,1,1,1,0.000403770517681441,6
elephant,1,1,0,0.0002017700005543554,6
elephant,1,0,1,0.00018130447032565892,6
elephant,1,0,0,0.0001256260145465931,6
elephant,0,1,1,0.00016055267668617102,6
elephant,0,1,0,0.00013859872925988352,6
elephant,0,0,1,0.00012117113382958318,6
elephant,0,0,0,0.00009945573428489885,6
bear,1,1,1,0.0003858096662349647,6
bear,1,1,0,0.00022962561240225544,6
bear,1,0,1,0.0001764785154551735,6
bear,1,0,0,0.00014393543491263323,6
bear,0,1,1,0.00016759586116325633,6
bear,0,1,0,0.00012765978643533842,6
bear,0,0,1,0.00011547105090114932,6
bear,0,0,0,0.00008551459297538392,6
person,1,1,1,0.12456506019836014,6
person,1,1,0,0.13787469259330865,6
person,1,0,1,0.11080387295109549,6
person,1,0,0,0.12053017531137906,6
person,0,1,1,0.12487536539884024,6
person,0,1,0,0.13355666169697702,6
person,0,0,1,0.1090416723674431,6
person,0,0,0,0.12872388240344093,6
lion,1,1,1,0.0005762325792979657,6
lion,1,1,0,0.0002733943351427014,6
lion,1,0,1,0.00010701859027802202,6
lion,1,0,0,0.0001077905592675766,6
lion,0,1,1,0.00010533811054225589,6
lion,0,1,0,0.00010509146063373398,6
lion,0,0,1,0.00008022817389224834,6
lion,0,0,0,0.00007801336138380377,6
ox,1,1,1,0.00045819549373964433,6
ox,1,1,0,0.0002099790897847068,6
ox,1,0,1,0.0001545498756228139,6
ox,1,0,0,0.00012455925220817836,6
ox,0,1,1,0.00019093273249713738,6
ox,0,1,0,0.0001219926815583886,6
ox,0,0,1,0.00010145201832024722,6
ox,0,0,0,0.00007129761112921352,6
boar,1,1,1,0.00046345705823521436,6
boar,1,1,0,0.00022262079590094116,6
boar,1,0,1,0.00018305185296535595,6
boar,1,0,0,0.00018329679791647953,6
boar,0,1,1,0.00011833308881572072,6
boar,0,1,0,0.00007871547340182387,6
boar,0,0,1,0.00011266039377712427,6
boar,0,0,0,0.00007107875769886079,6
eagle,1,1,1,0.00029698507317462347,7
eagle,1,1,0,0.0000799935924226093,7
eagle,1,0,1,0.0003185670316799171,7
eagle,1,0,0,0.00008507216014125391,7
eagle,0,1,1,0.0002604787122222151,7
eagle,0,1,0,0.00006636052128556897,7
eagle,0,0,1,0.0002841346179846938,7
eagle,0,0,0,0.00006213972705932763,7
target,1,1,1,0.00033425120955602963,7
target,1,1,0,0.00011742996342859216,7
target,1,0,1,0.0002960019935961635,7
target,1,0,0,0.00011353750887221362,7
target,0,1,1,0.00021304503766288925,7
target,0,1,0,0.00009208071674277888,7
target,0,0,1,0.00019784076929754222,7
target,0,0,0,0.00008783436698339169,7
sloth,1,1,1,0.0003284648269564938,7
sloth,1,1,0,0.00011024541335139588,7
sloth,1,0,1,0.0003095745984624869,7
sloth,1,0,0,0.00011032290970575196,7
sloth,0,1,1,0.00019378888669485523,7
sloth,0,1,0,0.00009567853255800617,7
sloth,0,0,1,0.00020724620018045973,7
sloth,0,0,0,0.00009591450412728372,7
dog,1,1,1,0.00026954653539411897,7
dog,1,1,0,0.00013310195219983794,7
dog,1,0,1,0.00024068028641304848,7
dog,1,0,0,0.00014558361008950313,7
dog,0,1,1,0.00022195820307368495,7
dog,0,1,0,0.00011334783183653352,7
dog,0,0,1,0.00021917769699741755,7
dog,0,0,0,0.0000996696860325302,7
person,1,1,1,0.1326893666836351,7
person,1,1,0,0.12336277462883813,7
person,1,0,1,0.13046969706666722,7
person,1,0,0,0.12266350068545258,7
person,0,1,1,0.13013319807931234,7
person,0,1,0,0.11536688104153356,7
person,0,0,1,0.12257313137813641,7
person,0,0,0,0.11258988532744318,7
rabbit,1,1,1,0.0002977485511864542,7
rabbit,1,1,0,0.00012113215353381216,7
rabbit,1,0,1,0.00028020477638314656,7
rabbit,1,0,0,0.00012186794858239429,7
rabbit,0,1,1,0.0002427520795895976,7
rabbit,0,1,0,0.00008715112293809984,7
rabbit,0,0,1,0.00022955497340218866,7
rabbit,0,0,0,0.00007008869314661455,7
kitten,1,1,1,0.0003002441121370797,7
kitten,1,1,0,0.00015828258036529967,7
kitten,1,0,1,0.00024695071845653776,7
kitten,1,0,0,0.00015035976885060295,7
kitten,0,1,1,0.00020432530325373212,7
kitten,0,1,0,0.00012844234375562337,7
kitten,0,0,1,0.00017595234839008336,7
kitten,0,0,0,0.00008157614933687255,7
cheetah,1,1,1,0.00033815888657010934,7
cheetah,1,1,0,0.00009831776441812254,7
cheetah,1,0,1,0.0003244396150712974,7
cheetah,1,0,0,0.00007720086016694186,7
cheetah,0,1,1,0.00023062011471944573,7
cheetah,0,1,0,0.00007335287588350316,7
cheetah,0,0,1,0.0002265213705115251,7
cheetah,0,0,0,0.00008626532214923412,7
hippo,1,1,1,0.00042926768838918143,8
hippo,1,1,0,0.0001941916221762718,8
hippo,1,0,1,0.00024636310670265505,8
hippo,1,0,0,0.00016087946055344128,8
hippo,0,1,1,0.00016110051706566048,8
hippo,0,1,0,0.0001045805605687262,8
hippo,0,0,1,0.00009601935076842711,8
hippo,0,0,0,0.0000621925365141052,8
target,1,1,1,0.0003946729079686863,8
target,1,1,0,0.00019493259698882514,8
target,1,0,1,0.00027371448284239783,8
target,1,0,0,0.0001438133318327601,8
target,0,1,1,0.00013206430633658646,8
target,0,1,0,0.00010707160650920873,8
target,0,0,1,0.00009534165739334769,8
target,0,0,0,0.00010878820212062823,8
sloth,1,1,1,0.00033040798369587325,8
sloth,1,1,0,0.00017506431707413336,8
sloth,1,0,1,0.00022380465348177962,8
sloth,1,0,0,0.0001535213545275327,8
sloth,0,1,1,0.0001968543529876917,8
sloth,0,1,0,0.000120047869995845,8
sloth,0,0,1,0.00012606058094517009,8
sloth,0,0,0,0.00011793876345996777,8
dog,1,1,1,0.0003516244716158679,8
dog,1,1,0,0.00021472854430402353,8
dog,1,0,1,0.0002696418323696707,8
dog,1,0,0,0.0002011137655671248,8
dog,0,1,1,0.00014475993274887914,8
dog,0,1,0,0.00009540924490501564,8
dog,0,0,1,0.0000969219678917461,8
dog,0,0,0,0.00007648967665297448,8
pig,1,1,1,0.0003558703247383845,8
pig,1,1,0,0.00016867519447833672,8
pig,1,0,1,0.0002848040141311429,8
pig,1,0,0,0.00016611989993762347,8
pig,0,1,1,0.00012487297016562022,8
pig,0,1,0,0.00009993457780723473,8
pig,0,0,1,0.00013774021976908348,8
pig,0,0,0,0.00010796663742998991,8
person,1,1,1,0.14165588905841556,8
person,1,1,0,0.1046863622640531,8
person,1,0,1,0.13200611007618565,8
person,1,0,0,0.11428566146955074,8
person,0,1,1,0.12158208084563142,8
person,0,1,0,0.12090828804011543,8
person,0,0,1,0.1218207804691644,8
person,0,0,0,0.13290444048083705,8
ox,1,1,1,0.0003622124462075583,8
ox,1,1,0,0.0002241858592556531,8
ox,1,0,1,0.00029384167061159906,8
ox,1,0,0,0.0001943401087882233,8
ox,0,1,1,0.00011868780298592155,8
ox,0,1,0,0.00008057276139457647,8
ox,0,0,1,0.00012043592424219768,8
ox,0,0,0,0.00005804848603181621,8
cat,1,1,1,0.00040591940682134584,8
cat,1,1,0,0.00018447315824651886,8
cat,1,0,1,0.00027122033674736076,8
cat,1,0,0,0.00019908115466612996,8
cat,0,1,1,0.00014234330818914403,8
cat,0,1,0,0.00006723671640694468,8
cat,0,0,1,0.00011111366908278037,8
cat,0,0,0,0.00007130740095712358,8
person,1,1,1,0.14659247639169365,9
person,1,1,0,0.12548034957211376,9
person,1,0,1,0.10124134813311328,9
person,1,0,0,0.11625107735412797,9
person,0,1,1,0.12190618895935114,9
person,0,1,0,0.11581017659518962,9
person,0,0,1,0.10814653477482225,9
person,0,0,0,0.1547412372612788,9
eagle,1,1,1,0.0006843359902272846,9
eagle,1,1,0,0.0003742108967657835,9
eagle,1,0,1,0.0004086052430568313,9
eagle,1,0,0,0.0002985915040074059,9
eagle,0,1,1,0.00022305121861872007,9
eagle,0,1,0,0.00015049289108518492,9
eagle,0,0,1,0.00015768825788743267,9
eagle,0,0,0,0.0001493386220221895,9
dolphin,1,1,1,0.0006941447280773592,9
dolphin,1,1,0,0.0004173168124489419,9
dolphin,1,0,1,0.00035988022046806224,9
dolphin,1,0,0,0.00024458665471517306,9
dolphin,0,1,1,0.00020837253561483467,9
dolphin,0,1,0,0.00018737662656455683,9
dolphin,0,0,1,0.00014388099134578274,9
dolphin,0,0,0,0.00018932224099925122,9
target,1,1,1,0.0005165175856033263,9
target,1,1,0,0.00030944869469314696,9
target,1,0,1,0.0003766509235943302,9
target,1,0,0,0.0002804914791047833,9
target,0,1,1,0.00024593183314289464,9
target,0,1,0,0.00023748848108377002,9
target,0,0,1,0.00021856930183581716,9
target,0,0,0,0.0002931436180654882,9
cat,1,1,1,0.0006157450450242564,9
cat,1,1,0,0.00032279648832559494,9
cat,1,0,1,0.00036266474540250915,9
cat,1,0,0,0.00027132346647247015,9
cat,0,1,1,0.0002638580612321299,9
cat,0,1,0,0.00021896296641153455,9
cat,0,0,1,0.00020318050704605772,9
cat,0,0,0,0.0002026423273666426,9
person,1,1,1,0.16288959057904068,10
person,1,1,0,0.13903370002811838,10
person,1,0,1,0.11421913886272902,10
person,1,0,0,0.1432408705666791,10
person,0,1,1,0.12214359827473115,10
person,0,1,0,0.10819932655314315,10
person,0,0,1,0.09681088575547836,10
person,0,0,0,0.10332009790050034,10
kitten,1,1,1,0.0007330050125475987,10
kitten,1,1,0,0.0003041370263040702,10
kitten,1,0,1,0.00047737373918250477,10
kitten,1,0,0,0.0002634015092832458,10
kitten,0,1,1,0.00024400690504157297,10
kitten,0,1,0,0.00019705516053967638,10
kitten,0,0,1,0.0001983233567960706,10
kitten,0,0,0,0.00011563055017993808,10
dog,1,1,1,0.0007014342949648124,10
dog,1,1,0,0.00037729345091623475,10
dog,1,0,1,0.00039010784913456783,10
dog,1,0,0,0.0003107454555431566,10
dog,0,1,1,0.00023244171397788615,10
dog,0,1,0,0.00018607799535516885,10
dog,0,0,1,0.00019792892112898216,10
dog,0,0,0,0.00013574558585565907,10
target,1,1,1,0.000714675975609723,10
target,1,1,0,0.0003889349518621354,10
target,1,0,1,0.00040196178778732447,10
target,1,0,0,0.00032851226216008345,10
target,0,1,1,0.0002139045491271118,10
target,0,1,0,0.0001750537688313904,10
target,0,0,1,0.0001724256888719007,10
target,0,0,0,0.00014027910568560994,10
cat,1,1,1,0.0008053462804195738,10
cat,1,1,0,0.000419556466606893,10
cat,1,0,1,0.0003383476120518659,10
cat,1,0,0,0.0003495012530204117,10
cat,0,1,1,0.00021101179751768946,10
cat,0,1,0,0.000158238855986849,10
cat,0,0,1,0.00014234375587945353,10
cat,0,0,0,0.00011798884141057119,10
donkey,1,1,1,0.0005127168124632921,11
donkey,1,1,0,0.00019364003848498267,11
donkey,1,0,1,0.00025236425858568724,11
donkey,1,0,0,0.00017086045858668154,11
donkey,0,1,1,0.00014323282216237686,11
donkey,0,1,0,0.0001685792241331205,11
donkey,0,0,1,0.00010143631916553539,11
donkey,0,0,0,0.00012142322663145207,11
target,1,1,1,0.0003584129097904992,11
target,1,1,0,0.00016614915045812538,11
target,1,0,1,0.0002980250195949668,11
target,1,0,0,0.00016065323454335565,11
target,0,1,1,0.0001925937659065732,11
target,0,1,0,0.00016585298553050876,11
target,0,0,1,0.0001719641219250146,11
target,0,0,0,0.000161105925324841,11
elephant,1,1,1,0.0003702085004186124,11
elephant,1,1,0,0.00013635734535601292,11
elephant,1,0,1,0.0003367868822511909,11
elephant,1,0,0,0.00010557398400587792,11
elephant,0,1,1,0.0002310735964931109,11
elephant,0,1,0,0.0001633322683134105,11
elephant,0,0,1,0.00018045286859625381,11
elephant,0,0,0,0.00015253695473253028,11
dog,1,1,1,0.0005473321819899345,11
dog,1,1,0,0.00013860154045757298,11
dog,1,0,1,0.00022450499049896672,11
dog,1,0,0,0.00009984531586095984,11
dog,0,1,1,0.000230020668454631,11
dog,0,1,0,0.00016461141256754604,11
dog,0,0,1,0.00018507598356453994,11
dog,0,0,0,0.00007483888662217691,11
person,1,1,1,0.06412472116244101,11
person,1,1,0,0.16558443370264522,11
person,1,0,1,0.08832301931826686,11
person,1,0,0,0.18635445959833963,11
person,0,1,1,0.07166935980007923,11
person,0,1,0,0.16180691740326103,11
person,0,0,1,0.07563467684535129,11
person,0,0,0,0.17648274356855045,11
kitten,1,1,1,0.0004895408079025863,11
kitten,1,1,0,0.0001374793357616688,11
kitten,1,0,1,0.0002855333140233989,11
kitten,1,0,0,0.00008865316450628691,11
kitten,0,1,1,0.0002004516376817176,11
kitten,0,1,0,0.00017437191113596988,11
kitten,0,0,1,0.00014313422832994098,11
kitten,0,0,0,0.0001495733502192417,11
puppy,1,1,1,0.0003162762919482027,11
puppy,1,1,0,0.00019901322221605502,11
puppy,1,0,1,0.00027263347038232634,11
puppy,1,0,0,0.00014994741224123542,11
puppy,0,1,1,0.00022472456231060502,11
puppy,0,1,0,0.00019131968420023893,11
puppy,0,0,1,0.00020521744341798419,11
puppy,0,0,0,0.00011163511131800393,11
hippo,1,1,1,0.00047198415995534134,12
hippo,1,1,0,0.0000885735695991225,12
hippo,1,0,1,0.0002918495991128244,12
hippo,1,0,0,0.00008608875330757106,12
hippo,0,1,1,0.0002317911673770451,12
hippo,0,1,0,0.00007568033083485213,12
hippo,0,0,1,0.00014123990816413757,12
hippo,0,0,0,0.00006971517514350256,12
target,1,1,1,0.0005051444854751121,12
target,1,1,0,0.00007123995052218033,12
target,1,0,1,0.0003393900720178679,12
target,1,0,0,0.00008115458996558553,12
target,0,1,1,0.00017426569115260008,12
target,0,1,0,0.00007371191291681223,12
target,0,0,1,0.00015999641344942536,12
target,0,0,0,0.00006100731999639589,12
dolphin,1,1,1,0.0006489616345472893,12
dolphin,1,1,0,0.0000634541846296292,12
dolphin,1,0,1,0.00026598794231587726,12
dolphin,1,0,0,0.0000822908872647917,12
dolphin,0,1,1,0.00019412505882345258,12
dolphin,0,1,0,0.00006907548975567135,12
dolphin,0,0,1,0.00010060935297014931,12
dolphin,0,0,0,0.000036586799534578814,12
cat,1,1,1,0.0005578816586902248,12
cat,1,1,0,0.00008232538479210201,12
cat,1,0,1,0.0003689762487898016,12
cat,1,0,0,0.0000877387195814863,12
cat,0,1,1,0.00015721557122205245,12
cat,0,1,0,0.00006340276960185878,12
cat,0,0,1,0.00011805109064324658,12
cat,0,0,0,0.00003355682856758991,12
person,1,1,1,0.14525002165478376,12
person,1,1,0,0.07864386130352767,12
person,1,0,1,0.1712243988462411,12
person,1,0,0,0.08660592017855986,12
person,0,1,1,0.1209572003160769,12
person,0,1,0,0.13155064595112975,12
person,0,0,1,0.12208323537250258,12
person,0,0,0,0.13346049516469422,12
giraffe,1,1,1,0.0004956541427190402,12
giraffe,1,1,0,0.0000950363511193336,12
giraffe,1,0,1,0.00028076186179838025,12
giraffe,1,0,0,0.00007535493504310109,12
giraffe,0,1,1,0.00021533001933669337,12
giraffe,0,1,0,0.00008734310526724188,12
giraffe,0,0,1,0.00013080035737352705,12
giraffe,0,0,0,0.0000736584255953087,12
whale,1,1,1,0.0006322565508169801,12
whale,1,1,0,0.00009168237366373806,12
whale,1,0,1,0.00025537072199872637,12
whale,1,0,0,0.00007268888084524929,12
whale,0,1,1,0.00015218901413586119,12
whale,0,1,0,0.00010178066312240661,12
whale,0,0,1,0.00006809824391667216,12
whale,0,0,0,0.00007639821032701414,12
rhino,1,1,1,0.0005535059290117395,12
rhino,1,1,0,0.00005444925537280332,12
rhino,1,0,1,0.0002991207707981389,12
rhino,1,0,0,0.00006311838830165086,12
rhino,0,1,1,0.00022177636090229785,12
rhino,0,1,0,0.00005932207692009331,12
rhino,0,0,1,0.0001666944006318171,12
rhino,0,0,0,0.000048757452746092475,12
target,1,1,1,0.0003377054823911978,13
target,1,1,0,0.00016711467649602595,13
target,1,0,1,0.00016473536277117082,13
target,1,0,0,0.00011083070011757484,13
target,0,1,1,0.00025469803877607006,13
target,0,1,0,0.00014597419524085145,13
target,0,0,1,0.00013441721128758797,13
target,0,0,0,0.00009271944804960643,13
dolphin,1,1,1,0.00039701824373050405,13
dolphin,1,1,0,0.0001436056417863514,13
dolphin,1,0,1,0.0001418464370747981,13
dolphin,1,0,0,0.00009592962706661346,13
dolphin,0,1,1,0.0003122113023462847,13
dolphin,0,1,0,0.000127685584109556,13
dolphin,0,0,1,0.00010283375457748122,13
dolphin,0,0,0,0.00007786839760401917,13
pig,1,1,1,0.0003588851164202407,13
pig,1,1,0,0.0001569476767885827,13
pig,1,0,1,0.00018445588041468135,13
pig,1,0,0,0.00008456253392563678,13
pig,0,1,1,0.00028290602929839664,13
pig,0,1,0,0.0001459485223256595,13
pig,0,0,1,0.00012405648027938285,13
pig,0,0,0,0.00006414604963456174,13
person,1,1,1,0.06753077364136573,13
person,1,1,0,0.06483237498309377,13
person,1,0,1,0.07615845702424526,13
person,1,0,0,0.07722443987113825,13
person,0,1,1,0.15851626814012887,13
person,0,1,0,0.15949486164847715,13
person,0,0,1,0.188732971229185,13
person,0,0,0,0.19771626014438798,13
lizard,1,1,1,0.0004000551470301585,13
lizard,1,1,0,0.00019302735928639493,13
lizard,1,0,1,0.0001278969533204028,13
lizard,1,0,0,0.00008899648261042526,13
lizard,0,1,1,0.00025939115527968086,13
lizard,0,1,0,0.000150176654716,13
lizard,0,0,1,0.00011770701484167474,13
lizard,0,0,0,0.0000647224211553088,13
snake,1,1,1,0.0005311882230150438,13
snake,1,1,0,0.00013621287225917283,13
snake,1,0,1,0.00013072572913501934,13
snake,1,0,0,0.00006983505376212123,13
snake,0,1,1,0.0002792101573965421,13
snake,0,1,0,0.00010536546230792994,13
snake,0,0,1,0.00009010721382556073,13
snake,0,0,0,0.00004862372190950244,13
seal,1,1,1,0.0004952362954007122,13
seal,1,1,0,0.0001570340684607704,13
seal,1,0,1,0.0001437544702617663,13
seal,1,0,0,0.000051828095443412145,13
seal,0,1,1,0.0002582928019399586,13
seal,0,1,0,0.00014682976086925786,13
seal,0,0,1,0.00009819673342780253,13
seal,0,0,0,0.000042103584137871794,13
skunk,1,1,1,0.0004097022187257979,13
skunk,1,1,0,0.0001278329440925541,13
skunk,1,0,1,0.00019182013863860672,13
skunk,1,0,0,0.0000893617627028014,13
skunk,0,1,1,0.0002950757893964324,13
skunk,0,1,0,0.00011277699441811356,13
skunk,0,0,1,0.00011827778148221617,13
skunk,0,0,0,0.00005312586421620099,13
peacock,1,1,1,0.0006227694268876214,14
peacock,1,1,0,0.00030077845113067364,14
peacock,1,0,1,0.0002611438933015825,14
peacock,1,0,0,0.0001714453439982023,14
peacock,0,1,1,0.00021579653218022042,14
peacock,0,1,0,0.0001791133463689994,14
peacock,0,0,1,0.00014023784981199362,14
peacock,0,0,0,0.00011208509002714501,14
target,1,1,1,0.0005052105797079401,14
target,1,1,0,0.00030634787074734434,14
target,1,0,1,0.0002291546828945331,14
target,1,0,0,0.0001683804275675051,14
target,0,1,1,0.00028694849567448884,14
target,0,1,0,0.00017423145967777358,14
target,0,0,1,0.0001901159214333104,14
target,0,0,0,0.0001446188847818375,14
dolphin,1,1,1,0.0006530554601745778,14
dolphin,1,1,0,0.00033340241379643804,14
dolphin,1,0,1,0.00027210278991020363,14
dolphin,1,0,0,0.000173476553944633,14
dolphin,0,1,1,0.0002095783725062782,14
dolphin,0,1,0,0.00015073442036495565,14
dolphin,0,0,1,0.00013122904652462293,14
dolphin,0,0,0,0.00007926300744117878,14
cat,1,1,1,0.0005286039487994978,14
cat,1,1,0,0.00029179953913032245,14
cat,1,0,1,0.00023334222781502405,14
cat,1,0,0,0.00017937989482300299,14
cat,0,1,1,0.0002896964280201462,14
cat,0,1,0,0.00017561645614431993,14
cat,0,0,1,0.00017266921668508862,14
cat,0,0,0,0.00013390891944791485,14
person,1,1,1,0.1390929302049808,14
person,1,1,0,0.13910474574665194,14
person,1,0,1,0.11321891485077429,14
person,1,0,0,0.10814716740100394,14
person,0,1,1,0.12137003784672151,14
person,0,1,0,0.12130530291707683,14
person,0,0,1,0.12427006778321972,14
person,0,0,0,0.12347008525819332,14
snake,1,1,1,0.000493583972930306,14
snake,1,1,0,0.0002953996382956714,14
snake,1,0,1,0.00022083897857268082,14
snake,1,0,0,0.00015152685526500985,14
snake,0,1,1,0.00024862813446072194,14
snake,0,1,0,0.00017778574825555785,14
snake,0,0,1,0.00023783527517999504,14
snake,0,0,0,0.0001789124366984168,14
target,1,1,1,0.0003123340528952572,15
target,1,1,0,0.0002221451100092729,15
target,1,0,1,0.00026744801687171186,15
target,1,0,0,0.00022900449827342856,15
target,0,1,1,0.00011735603622085309,15
target,0,1,0,0.0000950087878838614,15
target,0,0,1,0.00011312053996707499,15
target,0,0,0,0.00010259973424220314,15
kangaroo,1,1,1,0.00034835052441527123,15
kangaroo,1,1,0,0.00024107819018821095,15
kangaroo,1,0,1,0.0002844603132053629,15
kangaroo,1,0,0,0.0002002211634632756,15
kangaroo,0,1,1,0.000103043500290438,15
kangaroo,0,1,0,0.00009185648763495726,15
kangaroo,0,0,1,0.00011515978206811532,15
kangaroo,0,0,0,0.00007519056310946287,15
dog,1,1,1,0.00040654739545657406,15
dog,1,1,0,0.00022404023605537544,15
dog,1,0,1,0.000253245463303998,15
dog,1,0,0,0.0001752265192683995,15
dog,0,1,1,0.00010916036665613258,15
dog,0,1,0,0.00010647655395784277,15
dog,0,0,1,0.00010230973807682088,15
dog,0,0,0,0.00007735221948807252,15
slug,1,1,1,0.00034524486478791123,15
slug,1,1,0,0.0002740953612256921,15
slug,1,0,1,0.00026977740852853865,15
slug,1,0,0,0.00021423699012474876,15
slug,0,1,1,0.000103107629974628,15
slug,0,1,0,0.00009244685869671256,15
slug,0,0,1,0.0000974493815214218,15
slug,0,0,0,0.00006303237659880264,15
person,1,1,1,0.09037609237598161,15
person,1,1,0,0.07598481039150078,15
person,1,0,1,0.08749620440944893,15
person,1,0,0,0.08660985166398262,15
person,0,1,1,0.14677109975755753,15
person,0,1,0,0.16013606818767515,15
person,0,0,1,0.1596024008673976,15
person,0,0,0,0.18282262925196638,15
snake,1,1,1,0.00035773815548836667,15
snake,1,1,0,0.0002364077128098241,15
snake,1,0,1,0.00028069853156905837,15
snake,1,0,0,0.00017357658016228819,15
snake,0,1,1,0.00010818721739640098,15
snake,0,1,0,0.00009968709920090526,15
snake,0,0,1,0.0001241784520710313,15
snake,0,0,0,0.00007603577858444698,15
rabbit,1,1,1,0.00037117433855390685,15
rabbit,1,1,0,0.0002915869482495766,15
rabbit,1,0,1,0.00023990727120504687,15
rabbit,1,0,0,0.00020239232847530907,15
rabbit,0,1,1,0.00009202551133385333,15
rabbit,0,1,0,0.00009731489401241484,15
rabbit,0,0,1,0.00008908661775460273,15
rabbit,0,0,0,0.00007385276192936423,15
bird,1,1,1,0.00032389817536664035,15
bird,1,1,0,0.00026268425516387176,15
bird,1,0,1,0.00022931192279154977,15
bird,1,0,0,0.00019981803753532884,15
bird,0,1,1,0.00011181771353691924,15
bird,0,1,0,0.00010206942270916497,15
bird,0,0,1,0.00011707707128534529,15
bird,0,0,0,0.00010818963284391867,15
hippo,1,1,1,0.0001977787472962906,16
hippo,1,1,0,0.00016134199716956864,16
hippo,1,0,1,0.00017150842379093787,16
hippo,1,0,0,0.000143571387847639,16
hippo,0,1,1,0.0002035146624366343,16
hippo,0,1,0,0.0001795902110227824,16
hippo,0,0,1,0.00019893633759515537,16
hippo,0,0,0,0.00016593632684364714,16
target,1,1,1,0.00017865586595308894,16
target,1,1,0,0.00015135772676975188,16
target,1,0,1,0.00016904900532651446,16
target,1,0,0,0.00015871543709581256,16
target,0,1,1,0.0002142865249852866,16
target,0,1,0,0.0001714153288403701,16
target,0,0,1,0.0002027637358822758,16
target,0,0,0,0.00018030988173692872,16
dog,1,1,1,0.00025960711639620953,16
dog,1,1,0,0.00017834328828349112,16
dog,1,0,1,0.00020524823470843235,16
dog,1,0,0,0.00015235588653407511,16
dog,0,1,1,0.0001897390903603621,16
dog,0,1,0,0.00014362115455030381,16
dog,0,0,1,0.00015628535569387646,16
dog,0,0,0,0.00011738390993494751,16
hyena,1,1,1,0.0002727334128056385,16
hyena,1,1,0,0.00020089193497349443,16
hyena,1,0,1,0.0001776570518655118,16
hyena,1,0,0,0.00010507424283021223,16
hyena,0,1,1,0.0001888255436969431,16
hyena,0,1,0,0.00012876104015931248,16
hyena,0,0,1,0.00019799946702406883,16
hyena,0,0,0,0.00013180560763503731,16
person,1,1,1,0.11356140229020664,16
person,1,1,0,0.11656521499706794,16
person,1,0,1,0.11920479566360598,16
person,1,0,0,0.1274241665896491,16
person,0,1,1,0.1259563746806055,16
person,0,1,0,0.12465279273200917,16
person,0,0,1,0.1275547576267789,16
person,0,0,0,0.1352042245847116,16
lion,1,1,1,0.00029914493470381814,16
lion,1,1,0,0.0001879439335914345,16
lion,1,0,1,0.00022181455863647868,16
lion,1,0,0,0.000121804596287759,16
lion,0,1,1,0.00018482432259397995,16
lion,0,1,0,0.0001441620089781168,16
lion,0,0,1,0.0001368145505406873,16
lion,0,0,0,0.00009629783613640541,16
elephant,1,1,1,0.00022262695558963609,16
elephant,1,1,0,0.0001551553479661294,16
elephant,1,0,1,0.0001921765998966327,16
elephant,1,0,0,0.00013240283390595234,16
elephant,0,1,1,0.00021710072496224358,16
elephant,0,1,0,0.00014017524405972927,16
elephant,0,0,1,0.00021291437537062835,16
elephant,0,0,0,0.00014153780368715568,16
monkey,1,1,1,0.0002124668470883136,16
monkey,1,1,0,0.00016431093870365377,16
monkey,1,0,1,0.0001905675288788192,16
monkey,1,0,0,0.00014739459934142024,16
monkey,0,1,1,0.00022001451565823563,16
monkey,0,1,0,0.00012991803672402283,16
monkey,0,0,1,0.00020761615544418502,16
monkey,0,0,0,0.00014202164857489948,16
target,1,1,1,0.0005783621331708902,17
target,1,1,0,0.0001864425996905805,17
target,1,0,1,0.000343197933202608,17
target,1,0,0,0.00022982344575690007,17
target,0,1,1,0.0001995601775947242,17
target,0,1,0,0.00011909036847679599,17
target,0,0,1,0.00023383326396194274,17
target,0,0,0,0.0001530172406265637,17
dog,1,1,1,0.0005502764552019703,17
dog,1,1,0,0.00014606477579762463,17
dog,1,0,1,0.00040100262276106724,17
dog,1,0,0,0.00022729491091297494,17
dog,0,1,1,0.00020954312862213472,17
dog,0,1,0,0.00013200022740779193,17
dog,0,0,1,0.0001915637054331257,17
dog,0,0,0,0.00018421286075379314,17
cat,1,1,1,0.0003585682187907131,17
cat,1,1,0,0.00026042119735797127,17
cat,1,0,1,0.0003392928728602499,17
cat,1,0,0,0.00027755089228711176,17
cat,0,1,1,0.00020337309915940136,17
cat,0,1,0,0.00020264508355497367,17
cat,0,0,1,0.0001973233565701303,17
cat,0,0,0,0.00017410055877990096,17
person,1,1,1,0.1561490173213561,17
person,1,1,0,0.09371163877401752,17
person,1,0,1,0.13842249803263884,17
person,1,0,0,0.12830675466838964,17
person,0,1,1,0.13785821360151757,17
person,0,1,0,0.08546762724363577,17
person,0,0,1,0.11407984656540619,17
person,0,0,0,0.1358417454175692,17
lion,1,1,1,0.0005483843925022544,17
lion,1,1,0,0.00023276529809858982,17
lion,1,0,1,0.0003191622507981372,17
lion,1,0,0,0.00019926936841530837,17
lion,0,1,1,0.00031978359726497703,17
lion,0,1,0,0.00015058122027447233,17
lion,0,0,1,0.00014680290027761412,17
lion,0,0,0,0.00011995881265703127,17
elephant,1,1,1,0.00046128265037967794,17
elephant,1,1,0,0.00024024907076949717,17
elephant,1,0,1,0.0003209620551180538,17
elephant,1,0,0,0.00020944358704972512,17
elephant,0,1,1,0.0002652975373248778,17
elephant,0,1,0,0.00017841940122599684,17
elephant,0,0,1,0.00022624087252944215,17
elephant,0,0,0,0.00012549423205142127,17
peacock,1,1,1,0.00046456433981581497,18
peacock,1,1,0,0.00019613028734472094,18
peacock,1,0,1,0.0001331336179173743,18
peacock,1,0,0,0.00008643874834507567,18
peacock,0,1,1,0.00020242701904960188,18
peacock,0,1,0,0.00009501819563067615,18
peacock,0,0,1,0.0001229984407001776,18
peacock,0,0,0,0.00006841898873177048,18
gorilla,1,1,1,0.0003831460959765019,18
gorilla,1,1,0,0.0001848655514939002,18
gorilla,1,0,1,0.0001208674147517658,18
gorilla,1,0,0,0.00009828731515623304,18
gorilla,0,1,1,0.00023418824087684386,18
gorilla,0,1,0,0.0001454995362591039,18
gorilla,0,0,1,0.00011002636159466443,18
gorilla,0,0,0,0.00010673569099021432,18
target,1,1,1,0.0002746461701404898,18
target,1,1,0,0.00017577040508698252,18
target,1,0,1,0.00014487936959427198,18
target,1,0,0,0.00012439630015942925,18
target,0,1,1,0.00018760585108038082,18
target,0,1,0,0.00016730198332339023,18
target,0,0,1,0.00017628641228289605,18
target,0,0,0,0.00015727181566051857,18
gazelle,1,1,1,0.0003463730233005792,18
gazelle,1,1,0,0.00021345757148603426,18
gazelle,1,0,1,0.0001510166989482576,18
gazelle,1,0,0,0.00013440262462067942,18
gazelle,0,1,1,0.0002078557518449759,18
gazelle,0,1,0,0.0001615601051778806,18
gazelle,0,0,1,0.00011149755255589494,18
gazelle,0,0,0,0.00005782050663748982,18
person,1,1,1,0.11598218487122118,18
person,1,1,0,0.1314324784101121,18
person,1,0,1,0.09267469407280655,18
person,1,0,0,0.1054304103394476,18
person,0,1,1,0.12928654965019087,18
person,0,1,0,0.13877591891349225,18
person,0,0,1,0.1272207946436184,18
person,0,0,0,0.14945294827500585,18
lion,1,1,1,0.00028660516443704086,18
lion,1,1,0,0.0001693100423158231,18
lion,1,0,1,0.00012256575295853877,18
lion,1,0,0,0.0000722666554402669,18
lion,0,1,1,0.00022334840224701107,18
lion,0,1,0,0.00014491382102443107,18
lion,0,0,1,0.00024628973563568004,18
lion,0,0,0,0.00013978201440816113,18
ox,1,1,1,0.00028705086101484434,18
ox,1,1,0,0.00022412445848672078,18
ox,1,0,1,0.00017779546431014753,18
ox,1,0,0,0.0001480835965560959,18
ox,0,1,1,0.00017852958627730377,18
ox,0,1,0,0.0001551206430187272,18
ox,0,0,1,0.00013364850983169316,18
ox,0,0,0,0.00009160829410431083,18
cheetah,1,1,1,0.0003174662442358904,18
cheetah,1,1,0,0.00014391791888435267,18
cheetah,1,0,1,0.00017649265976021317,18
cheetah,1,0,0,0.0001293761292908618,18
cheetah,0,1,1,0.00020872884968430386,18
cheetah,0,1,0,0.00013366763459048524,18
cheetah,0,0,1,0.00016962100187652585,18
cheetah,0,0,0,0.00011881939718136622,18
target,1,1,1,0.0003521280553472695,19
target,1,1,0,0.0002750501513086057,19
target,1,0,1,0.0002071637343335897,19
target,1,0,0,0.00019289121442008677,19
target,0,1,1,0.00028294682621382523,19
target,0,1,0,0.0002675431049509851,19
target,0,0,1,0.00021227556620845317,19
target,0,0,0,0.00018990748174502035,19
frog,1,1,1,0.0003537080940969547,19
frog,1,1,0,0.00027551117045719685,19
frog,1,0,1,0.00022886832284685615,19
frog,1,0,0,0.00018469751486066587,19
frog,0,1,1,0.0002888603124200907,19
frog,0,1,0,0.0002604986582220232,19
frog,0,0,1,0.00021219308898563958,19
frog,0,0,0,0.00017373600979598335,19
person,1,1,1,0.1125352660750177,19
person,1,1,0,0.12324862002363274,19
person,1,0,1,0.10002141425666629,19
person,1,0,0,0.11160557093100754,19
person,0,1,1,0.1237933818978683,19
person,0,1,0,0.12943889031760888,19
person,0,0,1,0.13740141975542844,19
person,0,0,0,0.1521124452341513,19
rabbit,1,1,1,0.00048100587486150573,19
rabbit,1,1,0,0.0002568135093323067,19
rabbit,1,0,1,0.00020442421848882873,19
rabbit,1,0,0,0.00018378815759653136,19
rabbit,0,1,1,0.0003087167259825626,19
rabbit,0,1,0,0.00020221359082555308,19
rabbit,0,0,1,0.00020565023861798975,19
rabbit,0,0,0,0.0001226681384522984,19
kitten,1,1,1,0.00044371547578599455,19
kitten,1,1,0,0.0003525803069781353,19
kitten,1,0,1,0.00017589909321122948,19
kitten,1,0,0,0.00013179612924105495,19
kitten,0,1,1,0.0003176351210521504,19
kitten,0,1,0,0.000270105628695463,19
kitten,0,0,1,0.00016557621013658737,19
kitten,0,0,0,0.00010506059254166642,19
puppy,1,1,1,0.0004910458205886839,19
puppy,1,1,0,0.00033986026616323445,19
puppy,1,0,1,0.00018260174416144263,19
puppy,1,0,0,0.00013974016660392612,19
puppy,0,1,1,0.0003468500929486443,19
puppy,0,1,0,0.00022158057182666233,19
puppy,0,0,1,0.00012820470480012092,19
puppy,0,0,0,0.00010747982351270415,19
target,1,1,1,0.00046823513763757967,20
target,1,1,0,0.0001961790876422656,20
target,1,0,1,0.00020243325306135073,20
target,1,0,0,0.00012536628747550384,20
target,0,1,1,0.00023220304962666739,20
target,0,1,0,0.00014727505122325439,20
target,0,0,1,0.0001765965906302011,20
target,0,0,0,0.00012295682666883809,20
gorilla,1,1,1,0.0004873277372827667,20
gorilla,1,1,0,0.00021951378245534437,20
gorilla,1,0,1,0.000305899799931415,20
gorilla,1,0,0,0.00012505582123417303,20
gorilla,0,1,1,0.00016983765121440724,20
gorilla,0,1,0,0.0001307142699017192,20
gorilla,0,0,1,0.00013880709852757698,20
gorilla,0,0,0,0.00008991918394271291,20
bear,1,1,1,0.00037885443983801635,20
bear,1,1,0,0.00019951491843093935,20
bear,1,0,1,0.00020032730381539042,20
bear,1,0,0,0.00016170948447116653,20
bear,0,1,1,0.00025723852291837144,20
bear,0,1,0,0.00016899760915120685,20
bear,0,0,1,0.00016180627280452874,20
bear,0,0,0,0.0001413617709531948,20
tiger,1,1,1,0.0006260867683475806,20
tiger,1,1,0,0.0002488881613705472,20
tiger,1,0,1,0.00017864071799201424,20
tiger,1,0,0,0.00012613503669357194,20
tiger,0,1,1,0.0001753127332244699,20
tiger,0,1,0,0.00011499207499435355,20
tiger,0,0,1,0.00013196316795765703,20
tiger,0,0,0,0.00007034381951029947,20
person,1,1,1,0.11431126531152537,20
person,1,1,0,0.08265910836955666,20
person,1,0,1,0.09222632246717931,20
person,1,0,0,0.08852712997016425,20
person,0,1,1,0.13817384339793432,20
person,0,1,0,0.13546270105661365,20
person,0,0,1,0.16854703974451102,20
person,0,0,0,0.17007218309699146,20
snake,1,1,1,0.0005372707145868763,20
snake,1,1,0,0.00018956561000559307,20
snake,1,0,1,0.00023620829273606706,20
snake,1,0,0,0.00014765713211615155,20
snake,0,1,1,0.00020966001915372304,20
snake,0,1,0,0.00011088774541248212,20
snake,0,0,1,0.00014300352975555098,20
snake,0,0,0,0.00009516375747721028,20
ox,1,1,1,0.0005495310996861382,20
ox,1,1,0,0.0001700570539458535,20
ox,1,0,1,0.00026985312252378834,20
ox,1,0,0,0.00009868131160135993,20
ox,0,1,1,0.0002153248603993381,20
ox,0,1,0,0.00009955310324144901,20
ox,0,0,1,0.00018024427120906056,20
ox,0,0,0,0.00008725153074403475,20
target,1,1,1,0.00022653679975496307,21
target,1,1,0,0.00018937944574051464,21
target,1,0,1,0.0001848108587390476,21
target,1,0,0,0.00014614818734726907,21
target,0,1,1,0.00019806115319426397,21
target,0,1,0,0.00017384299813227942,21
target,0,0,1,0.00015262100915399072,21
target,0,0,0,0.00013799905940558915,21
parrot,1,1,1,0.00036474375583589306,21
parrot,1,1,0,0.0001882451290857851,21
parrot,1,0,1,0.00012407215628869474,21
parrot,1,0,0,0.0001180686612519133,21
parrot,0,1,1,0.0001924764266161251,21
parrot,0,1,0,0.0001696890423368142,21
parrot,0,0,1,0.0001213633860968643,21
parrot,0,0,0,0.00010582047681965291,21
dolphin,1,1,1,0.000314626975750207,21
dolphin,1,1,0,0.0001922898566097724,21
dolphin,1,0,1,0.0001417559163469869,21
dolphin,1,0,0,0.00015096441084549924,21
dolphin,0,1,1,0.00022940117473044906,21
dolphin,0,1,0,0.00017109550957902038,21
dolphin,0,0,1,0.00011091964446760657,21
dolphin,0,0,0,0.0000757052312770033,21
dog,1,1,1,0.00033040860550004434,21
dog,1,1,0,0.00018898666213327812,21
dog,1,0,1,0.00016205897650014827,21
dog,1,0,0,0.0001245019918822151,21
dog,0,1,1,0.0001952735126615865,21
dog,0,1,0,0.00017703986995019452,21
dog,0,0,1,0.0001242443742643957,21
dog,0,0,0,0.00008413238339999033,21
cat,1,1,1,0.0003362224154588268,21
cat,1,1,0,0.00020015216538213967,21
cat,1,0,1,0.00017263147361328636,21
cat,1,0,0,0.0001357138142894261,21
cat,0,1,1,0.00016653673365420144,21
cat,0,1,0,0.00015798816280537798,21
cat,0,0,1,0.00012221251831220415,21
cat,0,0,0,0.00009574602937274085,21
hyena,1,1,1,0.00030506596350878386,21
hyena,1,1,0,0.00021290969415351427,21
hyena,1,0,1,0.00019554790003174487,21
hyena,1,0,0,0.00014284160099477792,21
hyena,0,1,1,0.00018676483231563535,21
hyena,0,1,0,0.00014196531073298703,21
hyena,0,0,1,0.00010939685893323612,21
hyena,0,0,0,0.00009394807676974607,21
person,1,1,1,0.12803765223743543,21
person,1,1,0,0.10937597375045123,21
person,1,0,1,0.1295445964213621,21
person,1,0,0,0.11335749843832976,21
person,0,1,1,0.10996553751378446,21
person,0,1,0,0.13673192439429763,21
person,0,0,1,0.12307298797006508,21
person,0,0,0,0.1401906817761406,21
kitten,1,1,1,0.00039826776344837245,21
kitten,1,1,0,0.00016339067676464586,21
kitten,1,0,1,0.00014162521968277727,21
kitten,1,0,0,0.00013478521848316974,21
kitten,0,1,1,0.00019298434607824873,21
kitten,0,1,0,0.00013273131860293998,21
kitten,0,0,1,0.00011522236315562554,21
kitten,0,0,0,0.0001012133998908459,21
bat,1,1,1,0.00036480725490704245,22
bat,1,1,0,0.00014077396231100317,22
bat,1,0,1,0.00028776185055399766,22
bat,1,0,0,0.00012782883132701588,22
bat,0,1,1,0.0001615613845643696,22
bat,0,1,0,0.00009176668053144119,22
bat,0,0,1,0.0001692087861120023,22
bat,0,0,0,0.00007354887734389288,22
target,1,1,1,0.000328946449027379,22
target,1,1,0,0.00015468608356122556,22
target,1,0,1,0.0002476582555101382,22
target,1,0,0,0.00012048417507091604,22
target,0,1,1,0.0001728498295236744,22
target,0,1,0,0.0001151003189557853,22
target,0,0,1,0.00017585608830086478,22
target,0,0,0,0.00010585032468433377,22
dolphin,1,1,1,0.00033251353197187415,22
dolphin,1,1,0,0.0001353915230069753,22
dolphin,1,0,1,0.00036127112073440097,22
dolphin,1,0,0,0.000112925711420808,22
dolphin,0,1,1,0.00015412437319715705,22
dolphin,0,1,0,0.00008690755230424676,22
dolphin,0,0,1,0.00015014679271876474,22
dolphin,0,0,0,0.00008150317927436199,22
cat,1,1,1,0.0003563347496369296,22
cat,1,1,0,0.0001528737674731453,22
cat,1,0,1,0.00026748956981537337,22
cat,1,0,0,0.00012130209777317026,22
cat,0,1,1,0.00021405786639764774,22
cat,0,1,0,0.00007661796805750711,22
cat,0,0,1,0.0001684502161313679,22
cat,0,0,0,0.00006243292479101246,22
person,1,1,1,0.10345244510380311,22
person,1,1,0,0.1501722538469992,22
person,1,0,1,0.09975454149201232,22
person,1,0,0,0.13307214435493933,22
person,0,1,1,0.10698165141031751,22
person,0,1,0,0.1482582442695867,22
person,0,0,1,0.10660812859259208,22
person,0,0,0,0.14177765903105463,22
snake,1,1,1,0.00037367732760289777,22
snake,1,1,0,0.00013171546932936673,22
snake,1,0,1,0.0003016660417762159,22
snake,1,0,0,0.00011471248042743153,22
snake,0,1,1,0.00016096124878596968,22
snake,0,1,0,0.00009234049624468949,22
snake,0,0,1,0.00015065220883679834,22
snake,0,0,0,0.00009149367253755028,22
elephant,1,1,1,0.00033464181551221515,22
elephant,1,1,0,0.00017760068523626894,22
elephant,1,0,1,0.0002692505922138391,22
elephant,1,0,0,0.000173711176217327,22
elephant,0,1,1,0.00014409977282357184,22
elephant,0,1,0,0.00009291083343178698,22
elephant,0,0,1,0.00014620939772351865,22
elephant,0,0,0,0.00007667233326393876,22
mouse,1,1,1,0.00036131795310801693,22
mouse,1,1,0,0.0001373996411108947,22
mouse,1,0,1,0.0002979179696349626,22
mouse,1,0,0,0.00011352952313135073,22
mouse,0,1,1,0.00017184912869702487,22
mouse,0,1,0,0.00007622171758780587,22
mouse,0,0,1,0.0001932365397945763,22
mouse,0,0,0,0.00006611177667694366,22
turtle,1,1,1,0.0004032670907126882,23
turtle,1,1,0,0.00021372434635862902,23
turtle,1,0,1,0.00015389236439079346,23
turtle,1,0,0,0.00011996727696406797,23
turtle,0,1,1,0.0002211236619363376,23
turtle,0,1,0,0.00011786894382711938,23
turtle,0,0,1,0.00008212878955614702,23
turtle,0,0,0,0.00008598935114764252,23
sloth,1,1,1,0.0005039369174228046,23
sloth,1,1,0,0.00019577640039789078,23
sloth,1,0,1,0.0001438633904530312,23
sloth,1,0,0,0.00012489886012245107,23
sloth,0,1,1,0.00015394853651689257,23
sloth,0,1,0,0.00012482168846142774,23
sloth,0,0,1,0.00007764853305457384,23
sloth,0,0,0,0.00006409723932834003,23
target,1,1,1,0.0003211670454346225,23
target,1,1,0,0.00020063959327713555,23
target,1,0,1,0.00017989288728153852,23
target,1,0,0,0.00014736563917976537,23
target,0,1,1,0.00018584427650822921,23
target,0,1,0,0.0001512607458436869,23
target,0,0,1,0.00012234056722238999,23
target,0,0,0,0.00009988412538444086,23
gorilla,1,1,1,0.0003510412291888204,23
gorilla,1,1,0,0.0001908641633171383,23
gorilla,1,0,1,0.00020954351615686537,23
gorilla,1,0,0,0.00015701007588392484,23
gorilla,0,1,1,0.00020632674099942916,23
gorilla,0,1,0,0.00010452982775109837,23
gorilla,0,0,1,0.00010456968730778402,23
gorilla,0,0,0,0.00007678191805371592,23
bear,1,1,1,0.00037684485479449206,23
bear,1,1,0,0.00020441652170679432,23
bear,1,0,1,0.00017846202435404339,23
bear,1,0,0,0.00016580691894729947,23
bear,0,1,1,0.00016716006330467364,23
bear,0,1,0,0.0001162573926433811,23
bear,0,0,1,0.00012076768062079797,23
bear,0,0,0,0.0000702067769294697,23
person,1,1,1,0.12836833803605416,23
person,1,1,0,0.12837715207369726,23
person,1,0,1,0.11974631696500135,23
person,1,0,0,0.13380756901168672,23
person,0,1,1,0.12474796895747164,23
person,0,1,0,0.10607692040994311,23
person,0,0,1,0.13069998759624002,23
person,0,0,0,0.11838948744797231,23
lion,1,1,1,0.00042493365423358246,23
lion,1,1,0,0.00022820836053622648,23
lion,1,0,1,0.00014346968563206568,23
lion,1,0,0,0.00013520225542490034,23
lion,0,1,1,0.0002209585829152874,23
lion,0,1,0,0.00009586651879030983,23
lion,0,0,1,0.00009597315742151991,23
lion,0,0,0,0.000048220513719720743,23
elephant,1,1,1,0.0003516111949610014,23
elephant,1,1,0,0.0002523004153770298,23
elephant,1,0,1,0.00019797551444799118,23
elephant,1,0,0,0.00017042670782120928,23
elephant,0,1,1,0.00016489221831950715,23
elephant,0,1,0,0.00009727832541205741,23
elephant,0,0,1,0.00010000813660850635,23
elephant,0,0,0,0.00006299659757028211,23
polar-bear,1,1,1,0.00036522095176775844,24
polar-bear,1,1,0,0.0002620622462664816,24
polar-bear,1,0,1,0.00022189193560399802,24
polar-bear,1,0,0,0.00019219088435028895,24
polar-bear,0,1,1,0.00013063985805607207,24
polar-bear,0,1,0,0.00011332947406836896,24
polar-bear,0,0,1,0.00008045081580602373,24
polar-bear,0,0,0,0.00005366958941971498,24
target,1,1,1,0.0003372472185404479,24
target,1,1,0,0.00025746269485481363,24
target,1,0,1,0.000248698642308079,24
target,1,0,0,0.00023667204135216318,24
target,0,1,1,0.00008084822749213327,24
target,0,1,0,0.00008670486699295914,24
target,0,0,1,0.00009875514296028577,24
target,0,0,0,0.00009485606673612769,24
hyena,1,1,1,0.00041257084507724447,24
hyena,1,1,0,0.00025564816509908645,24
hyena,1,0,1,0.0001883060825184097,24
hyena,1,0,0,0.00018211234312526839,24
hyena,0,1,1,0.00013053041291158986,24
hyena,0,1,0,0.00009598000102966912,24
hyena,0,0,1,0.00008875974245013748,24
hyena,0,0,0,0.00006030660165795324,24
person,1,1,1,0.11448248934181994,24
person,1,1,0,0.11901493857081366,24
person,1,0,1,0.13445941205462603,24
person,1,0,0,0.1439957300590555,24
person,0,1,1,0.1205124278245647,24
person,0,1,0,0.12258857406172302,24
person,0,0,1,0.11904543247057116,24
person,0,0,0,0.11595273844005131,24
snake,1,1,1,0.00040347654061912417,24
snake,1,1,0,0.0002459616767344091,24
snake,1,0,1,0.00022229259071346061,24
snake,1,0,0,0.00019919464107617468,24
snake,0,1,1,0.0001258870703227858,24
snake,0,1,0,0.00007817810094711786,24
snake,0,0,1,0.00007360306895240536,24
snake,0,0,0,0.00007341251968514363,24
kitten,1,1,1,0.0004002130769488011,24
kitten,1,1,0,0.0002603983814919989,24
kitten,1,0,1,0.00020693115674405712,24
kitten,1,0,0,0.0001945044874785651,24
kitten,0,1,1,0.00009924382835298047,24
kitten,0,1,0,0.00009535229607641445,24
kitten,0,0,1,0.00008877149338288931,24
kitten,0,0,0,0.00007882049151227258,24
puppy,1,1,1,0.0005681425516685947,24
puppy,1,1,0,0.0002423861940113487,24
puppy,1,0,1,0.00021038850298045288,24
puppy,1,0,0,0.0001445933270075929,24
puppy,0,1,1,0.000083069975054353,24
puppy,0,1,0,0.00006674359847744543,24
puppy,0,0,1,0.000050397147161263595,24
puppy,0,0,0,0.00004275445689698523,24
monkey,1,1,1,0.00039385083057512225,24
monkey,1,1,0,0.0002444743218110157,24
monkey,1,0,1,0.00022060320871109492,24
monkey,1,0,0,0.00017105021032100452,24
monkey,0,1,1,0.00012207296105794244,24
monkey,0,1,0,0.00009338099891437907,24
monkey,0,0,1,0.00009757259511143827,24
monkey,0,0,0,0.00007562002553097153,24
hippo,1,1,1,0.00048692037919103595,25
hippo,1,1,0,0.0001401867456549777,25
hippo,1,0,1,0.00018051786442560482,25
hippo,1,0,0,0.00008895468642332123,25
hippo,0,1,1,0.00024404110716734544,25
hippo,0,1,0,0.00013439585409466336,25
hippo,0,0,1,0.00009612053604320514,25
hippo,0,0,0,0.0000877024756529428,25
skunk,1,1,1,0.00040782526265299517,25
skunk,1,1,0,0.0001961646813522693,25
skunk,1,0,1,0.0002045142283539327,25
skunk,1,0,0,0.00011616367194569385,25
skunk,0,1,1,0.00019440295300522515,25
skunk,0,1,0,0.0001564768386802248,25
skunk,0,0,1,0.00011723923342513287,25
skunk,0,0,0,0.00006282952238499472,25
target,1,1,1,0.0004929616972299178,25
target,1,1,0,0.00016181864723443937,25
target,1,0,1,0.00016914480663694577,25
target,1,0,0,0.000101025157393906,25
target,0,1,1,0.0001821125463140072,25
target,0,1,0,0.00014847822651624506,25
target,0,0,1,0.00010390344309296635,25
target,0,0,0,0.0000980905562126019,25
dog,1,1,1,0.00039026803303363863,25
dog,1,1,0,0.00017588455458514448,25
dog,1,0,1,0.00022292760780997186,25
dog,1,0,0,0.00011690584787841944,25
dog,0,1,1,0.00021846297054309765,25
dog,0,1,0,0.00017211471462439654,25
dog,0,0,1,0.00008567071732445495,25
dog,0,0,0,0.00007244386740217138,25
cat,1,1,1,0.0004357361448316142,25
cat,1,1,0,0.00012650226717578352,25
cat,1,0,1,0.00021798823231358229,25
cat,1,0,0,0.0001093316865749098,25
cat,0,1,1,0.000191358734217773,25
cat,0,1,0,0.00017281110605184546,25
cat,0,0,1,0.00012054188113470739,25
cat,0,0,0,0.00007877653630663307,25
person,1,1,1,0.16763566962437468,25
person,1,1,0,0.09523065083973899,25
person,1,0,1,0.15604848328919707,25
person,1,0,0,0.08519709602627779,25
person,0,1,1,0.11571296539503913,25
person,0,1,0,0.1254211864624,25
person,0,0,1,0.10453618514793747,25
person,0,0,0,0.14002761535196076,25
rat,1,1,1,0.00037281367179929273,25
rat,1,1,0,0.00021835228122997437,25
rat,1,0,1,0.00017319390842965068,25
rat,1,0,0,0.00012791091337414112,25
rat,0,1,1,0.00019724133393621344,25
rat,0,1,0,0.00015880035528215817,25
rat,0,0,1,0.00010850085184295712,25
rat,0,0,0,0.0000947407240044032,25
baboon,1,1,1,0.00047279526551171155,25
baboon,1,1,0,0.00016613647555422845,25
baboon,1,0,1,0.00015402422464246576,25
baboon,1,0,0,0.00008897524720466286,25
baboon,0,1,1,0.00027206531876877526,25
baboon,0,1,0,0.00010921947535706746,25
baboon,0,0,1,0.00010785158934678503,25
baboon,0,0,0,0.00008781020389680106,25
target,1,1,1,0.0004273742231024154,26
target,1,1,0,0.0002415811838260607,26
target,1,0,1,0.00012727955257711628,26
target,1,0,0,0.00014360555721905832,26
target,0,1,1,0.00017335820515122384,26
target,0,1,0,0.00014651741230304363,26
target,0,0,1,0.00008649893665789836,26
target,0,0,0,0.00009976851402834697,26
gazelle,1,1,1,0.00045391503879499,26
gazelle,1,1,0,0.00028629306632290313,26
gazelle,1,0,1,0.0001473702867741013,26
gazelle,1,0,0,0.0001341395771321918,26
gazelle,0,1,1,0.0001898417416744025,26
gazelle,0,1,0,0.00011225526170427312,26
gazelle,0,0,1,0.00007233221015445039,26
gazelle,0,0,0,0.000052892006740690886,26
bear,1,1,1,0.00040657810954041525,26
bear,1,1,0,0.0002889125177978619,26
bear,1,0,1,0.00011059590441204564,26
bear,1,0,0,0.0001191958776616483,26
bear,0,1,1,0.00021227094298296152,26
bear,0,1,0,0.00017450927412294067,26
bear,0,0,1,0.00008260623115004416,26
bear,0,0,0,0.00005301504825133172,26
cat,1,1,1,0.00040417581758715385,26
cat,1,1,0,0.0002817752511581719,26
cat,1,0,1,0.00010450651936165162,26
cat,1,0,0,0.00011140237399227958,26
cat,0,1,1,0.00020042532068996965,26
cat,0,1,0,0.00019301269855852377,26
cat,0,0,1,0.00008346215167136806,26
cat,0,0,0,0.00006848422815034279,26
person,1,1,1,0.08656019619412282,26
person,1,1,0,0.0875300025163032,26
person,1,0,1,0.1613831213345969,26
person,1,0,0,0.16015034385238403,26
person,0,1,1,0.08222391090138477,26
person,0,1,0,0.08303490044748979,26
person,0,0,1,0.1576080824942702,26
person,0,0,0,0.17138241734071574,26
kitten,1,1,1,0.00039183308664836276,26
kitten,1,1,0,0.00019862873388768831,26
kitten,1,0,1,0.00012758108412016964,26
kitten,1,0,0,0.00011472390028555892,26
kitten,0,1,1,0.0002501865750446051,26
kitten,0,1,0,0.00016273217871336207,26
kitten,0,0,1,0.00011027342754318507,26
kitten,0,0,0,0.00008478983948391225,26
cheetah,1,1,1,0.0004310609237607302,26
cheetah,1,1,0,0.00027515057315607186,26
cheetah,1,0,1,0.00013910945859338768,26
cheetah,1,0,0,0.00012467752825787113,26
cheetah,0,1,1,0.00018429263701408042,26
cheetah,0,1,0,0.00014496524142873095,26
cheetah,0,0,1,0.00008745686716811929,26
cheetah,0,0,0,0.000060777339143486946,26
puppy,1,1,1,0.000604258402482579,26
puppy,1,1,0,0.00023511186887795462,26
puppy,1,0,1,0.00009306193512502374,26
puppy,1,0,0,0.0000817098110122707,26
puppy,0,1,1,0.00015947657103930897,26
puppy,0,1,0,0.00012242637502269727,26
puppy,0,0,1,0.00008148582977203916,26
puppy,0,0,0,0.00007130368989948353,26
target,1,1,1,0.0007820660299883503,27
target,1,1,0,0.00023105649757623162,27
target,1,0,1,0.00024109631077617384,27
target,1,0,0,0.00016338206929339505,27
target,0,1,1,0.00026783624396776025,27
target,0,1,0,0.0001278416073755968,27
target,0,0,1,0.00013381388365675867,27
target,0,0,0,0.0001325561375933418,27
bear,1,1,1,0.0007402406445377934,27
bear,1,1,0,0.00021106477105488022,27
bear,1,0,1,0.00019704093204987424,27
bear,1,0,0,0.00014508407366538293,27
bear,0,1,1,0.0003384864099006775,27
bear,0,1,0,0.000154713285939736,27
bear,0,0,1,0.00016223530139858992,27
bear,0,0,0,0.00012533976812615003,27
cat,1,1,1,0.0007993058286754896,27
cat,1,1,0,0.0002340682696089403,27
cat,1,0,1,0.00019468598127625326,27
cat,1,0,0,0.00017775202476281638,27
cat,0,1,1,0.0002511564557391603,27
cat,0,1,0,0.00016063986857865227,27
cat,0,0,1,0.00014170980108437435,27
cat,0,0,0,0.00011843511184291393,27
person,1,1,1,0.15985347894507151,27
person,1,1,0,0.11157473425078533,27
person,1,0,1,0.12179195428743445,27
person,1,0,0,0.11647921804430626,27
person,0,1,1,0.120552797965908,27
person,0,1,0,0.10489612929646518,27
person,0,0,1,0.10999629519963022,27
person,0,0,0,0.14447933342924515,27
lion,1,1,1,0.000671140462804292,27
lion,1,1,0,0.00028210771828278517,27
lion,1,0,1,0.00024508856611733896,27
lion,1,0,0,0.00020162193796532287,27
lion,0,1,1,0.0002448099188826909,27
lion,0,1,0,0.0001361987362467812,27
lion,0,0,1,0.00015687171947777558,27
lion,0,0,0,0.00012879044841737405,27
snake,1,1,1,0.0007326833553725213,27
snake,1,1,0,0.0002822560570797516,27
snake,1,0,1,0.00024967710450861976,27
snake,1,0,0,0.00017340489024448612,27
snake,0,1,1,0.00024406061598727596,27
snake,0,1,0,0.0001509117329029915,27
snake,0,0,1,0.00014590868863367858,27
snake,0,0,0,0.00009891931976082717,27
lamb,1,1,1,0.000376284481630393,28
lamb,1,1,0,0.0003781059052553075,28
lamb,1,0,1,0.00013394573854939873,28
lamb,1,0,0,0.000124747767215571,28
lamb,0,1,1,0.0001112621728986469,28
lamb,0,1,0,0.00008449796479702614,28
lamb,0,0,1,0.00009449022348461154,28
lamb,0,0,0,0.00008836522382680596,28
target,1,1,1,0.000362245776421722,28
target,1,1,0,0.0002566925948030088,28
target,1,0,1,0.0001772230946027519,28
target,1,0,0,0.00014609899564208817,28
target,0,1,1,0.0001230092999424926,28
target,0,1,0,0.00009809742787089347,28
target,0,0,1,0.00013008071254980662,28
target,0,0,0,0.0001089613949423351,28
dog,1,1,1,0.00044507367570939424,28
dog,1,1,0,0.00023621887010784976,28
dog,1,0,1,0.00014496264428813787,28
dog,1,0,0,0.00013237014123453615,28
dog,0,1,1,0.00015316092748199076,28
dog,0,1,0,0.0001273678257227084,28
dog,0,0,1,0.00007677802694722789,28
dog,0,0,0,0.00007605998755705727,28
cat,1,1,1,0.00048585144701628573,28
cat,1,1,0,0.00035864089622006737,28
cat,1,0,1,0.00010406960939522446,28
cat,1,0,0,0.0001062095095026132,28
cat,0,1,1,0.00008540799789320702,28
cat,0,1,0,0.00009075629224102459,28
cat,0,0,1,0.00008889744815210947,28
cat,0,0,0,0.00006651897022136324,28
person,1,1,1,0.07803212191471891,28
person,1,1,0,0.07363168890627227,28
person,1,0,1,0.08879844851552367,28
person,1,0,0,0.08361251178424887,28
person,0,1,1,0.09913941977364793,28
person,0,1,0,0.09961768567625925,28
person,0,0,1,0.22881829524702849,28
person,0,0,0,0.23860301561641845,28
mammoth,1,1,1,0.0004975998430528418,28
mammoth,1,1,0,0.0003039238195439676,28
mammoth,1,0,1,0.00015491222140708017,28
mammoth,1,0,0,0.00010074080249085041,28
mammoth,0,1,1,0.00009303205898463894,28
mammoth,0,1,0,0.00007508987626842974,28
mammoth,0,0,1,0.00010276888643364891,28
mammoth,0,0,0,0.00006414242903997326,28
rabbit,1,1,1,0.00042961553799773544,28
rabbit,1,1,0,0.0003576899342240974,28
rabbit,1,0,1,0.00015992072896201833,28
rabbit,1,0,0,0.0001263788295683722,28
rabbit,0,1,1,0.00009799441165373603,28
rabbit,0,1,0,0.00006613011633809468,28
rabbit,0,0,1,0.00008275976796067842,28
rabbit,0,0,0,0.00007224502124683182,28
ox,1,1,1,0.00042794319747914146,28
ox,1,1,0,0.00030885084648971616,28
ox,1,0,1,0.00013802684883558228,28
ox,1,0,0,0.00009746073706496499,28
ox,0,1,1,0.00015114437071422085,28
ox,0,1,0,0.00010177998882394147,28
ox,0,0,1,0.00009710511347127541,28
ox,0,0,0,0.0000671041337068369,28
target,1,1,1,0.000444162841785806,29
target,1,1,0,0.00014741862296689613,29
target,1,0,1,0.00022980636631841943,29
target,1,0,0,0.00014489770240902564,29
target,0,1,1,0.0001388508054140658,29
target,0,1,0,0.00012985720725757152,29
target,0,0,1,0.00010752759045221643,29
target,0,0,0,0.00008046048382316422,29
snake,1,1,1,0.0004579333265364576,29
snake,1,1,0,0.00021488529676882528,29
snake,1,0,1,0.00024953191311658803,29
snake,1,0,0,0.0001616686102700039,29
snake,0,1,1,0.00010713352315943658,29
snake,0,1,0,0.00009476116982295962,29
snake,0,0,1,0.00008493292480745661,29
snake,0,0,0,0.000047163115495653876,29
bear,1,1,1,0.0004500749963891823,29
bear,1,1,0,0.00020866475490497285,29
bear,1,0,1,0.0002414221622821629,29
bear,1,0,0,0.00018628501292460495,29
bear,0,1,1,0.0000973158003815639,29
bear,0,1,0,0.00007880154663688371,29
bear,0,0,1,0.00008149871182324957,29
bear,0,0,0,0.00007235250788950115,29
person,1,1,1,0.06759195887577338,29
person,1,1,0,0.061967167159771276,29
person,1,0,1,0.06541109055455523,29
person,1,0,0,0.06779381697938605,29
person,0,1,1,0.19018056223988447,29
person,0,1,0,0.1573507011124853,29
person,0,0,1,0.17165777497504178,29
person,0,0,0,0.20812085169335864,29
lion,1,1,1,0.0005039009027082164,29
lion,1,1,0,0.00023031247381352757,29
lion,1,0,1,0.00022446916106356064,29
lion,1,0,0,0.0001598021883744028,29
lion,0,1,1,0.00010480207858437705,29
lion,0,1,0,0.0000778451540423668,29
lion,0,0,1,0.00007132950398093101,29
lion,0,0,0,0.00004454796548045235,29
wolf,1,1,1,0.000555743309852715,29
wolf,1,1,0,0.0002124631623050062,29
wolf,1,0,1,0.00019467553123638044,29
wolf,1,0,0,0.00013350553929658278,29
wolf,0,1,1,0.00012831903381604494,29
wolf,0,1,0,0.00007945918094330286,29
wolf,0,0,1,0.00006774798576143776,29
wolf,0,0,0,0.00004799397777731483,29
zebra,1,1,1,0.0004521693864493495,29
zebra,1,1,0,0.0002729102806394721,29
zebra,1,0,1,0.0002613219480650588,29
zebra,1,0,0,0.00017388267108443608,29
zebra,0,1,1,0.00007554070098588299,29
zebra,0,1,0,0.00006493753657533362,29
zebra,0,0,1,0.00007488724319345488,29
zebra,0,0,0,0.00003787908483695895,29
bass,1,1,1,0.00045443944043382857,29
bass,1,1,0,0.0002127767512343968,29
bass,1,0,1,0.0002347677538031132,29
bass,1,0,0,0.00018539538163359976,29
bass,0,1,1,0.00014577167784775305,29
bass,0,1,0,0.00007639954611313723,29
bass,0,0,1,0.0000722999908723094,29
bass,0,0,0,0.000036372873302693476,29
hippo,1,1,1,0.00046157460803046216,30
hippo,1,1,0,0.000217272388376914,30
hippo,1,0,1,0.000232787519838102,30
hippo,1,0,0,0.00014135279885652683,30
hippo,0,1,1,0.000110906124258593,30
hippo,0,1,0,0.00009932316711482844,30
hippo,0,0,1,0.00008847305178635768,30
hippo,0,0,0,0.00006306467664707336,30
horse,1,1,1,0.0003945561679107224,30
horse,1,1,0,0.0002070994258392316,30
horse,1,0,1,0.00025706498196377954,30
horse,1,0,0,0.00017632205205655443,30
horse,0,1,1,0.0001565851540948529,30
horse,0,1,0,0.00008544951952994977,30
horse,0,0,1,0.00009586190912357535,30
horse,0,0,0,0.00004209665584648639,30
target,1,1,1,0.0003842484118742309,30
target,1,1,0,0.00017707130173380192,30
target,1,0,1,0.00021837393398707597,30
target,1,0,0,0.00014325400831247608,30
target,0,1,1,0.0001682821119545173,30
target,0,1,0,0.00011685426931475797,30
target,0,0,1,0.00011664178520568321,30
target,0,0,0,0.00009489654921329621,30
gazelle,1,1,1,0.0005061003921061206,30
gazelle,1,1,0,0.00014934960013195396,30
gazelle,1,0,1,0.00027888974994937684,30
gazelle,1,0,0,0.00011222181914838544,30
gazelle,0,1,1,0.0001705310289072187,30
gazelle,0,1,0,0.000058329771310460756,30
gazelle,0,0,1,0.00009655619439174382,30
gazelle,0,0,0,0.00004160086769321728,30
swan,1,1,1,0.00035721069545809726,30
swan,1,1,0,0.00018598904298796557,30
swan,1,0,1,0.00024270968058750088,30
swan,1,0,0,0.00012076042129844721,30
swan,0,1,1,0.00019378428513263537,30
swan,0,1,0,0.00011917303595501677,30
swan,0,0,1,0.00012095151910570321,30
swan,0,0,0,0.00007951651011133264,30
person,1,1,1,0.10742656224015182,30
person,1,1,0,0.10886231336707941,30
person,1,0,1,0.12193947832407226,30
person,1,0,0,0.15214135914615123,30
person,0,1,1,0.1314445998965389,30
person,0,1,0,0.12410398008719194,30
person,0,0,1,0.11146609817265019,30
person,0,0,0,0.1326969490414276,30
lion,1,1,1,0.0003617280689484459,30
lion,1,1,0,0.00015116144789367893,30
lion,1,0,1,0.00021289363450629825,30
lion,1,0,0,0.00012973269650651007,30
lion,0,1,1,0.0002249743751520583,30
lion,0,1,0,0.00010500281776324348,30
lion,0,0,1,0.00013965187968644253,30
lion,0,0,0,0.00009666963440274975,30
elephant,1,1,1,0.0004304180824940776,30
elephant,1,1,0,0.00023439280432482106,30
elephant,1,0,1,0.000246094876236437,30
elephant,1,0,0,0.00016963611626770748,30
elephant,0,1,1,0.0001428470220024793,30
elephant,0,1,0,0.00008246350863643164,30
elephant,0,0,1,0.00006507851548866402,30
elephant,0,0,0,0.000042827057281790485,30
target,1,1,1,0.0003573785796136318,31
target,1,1,0,0.0002461127192050039,31
target,1,0,1,0.00015804359760897225,31
target,1,0,0,0.0002328282595402025,31
target,0,1,1,0.000146875627078235,31
target,0,1,0,0.00015125435653798002,31
target,0,0,1,0.00014178413510081104,31
target,0,0,0,0.00022046936067577375,31
bear,1,1,1,0.00038239961411433345,31
bear,1,1,0,0.00031278090838872744,31
bear,1,0,1,0.00017930292537977105,31
bear,1,0,0,0.00022598615082083001,31
bear,0,1,1,0.00015019627820703197,31
bear,0,1,0,0.000141690297151528,31
bear,0,0,1,0.00010539542188901964,31
bear,0,0,0,0.00014910220264174653,31
cat,1,1,1,0.0003652561699894526,31
cat,1,1,0,0.000259406888397648,31
cat,1,0,1,0.00021069640957146901,31
cat,1,0,0,0.00021838602973991883,31
cat,0,1,1,0.00012233796075029,31
cat,0,1,0,0.00015363328615212378,31
cat,0,0,1,0.0001154614329047346,31
cat,0,0,0,0.00020788818353563305,31
person,1,1,1,0.15324777251814264,31
person,1,1,0,0.11328154472590353,31
person,1,0,1,0.09108011049013266,31
person,1,0,0,0.12432557526572212,31
person,0,1,1,0.09960187302821037,31
person,0,1,0,0.1108212451703992,31
person,0,0,1,0.09494515214177697,31
person,0,0,0,0.20280449386994237,31
lion,1,1,1,0.00038190167655800583,31
lion,1,1,0,0.00029553065279928307,31
lion,1,0,1,0.00019760979528378892,31
lion,1,0,0,0.0002040285384400221,31
lion,0,1,1,0.00015167292341796408,31
lion,0,1,0,0.00013948805020922366,31
lion,0,0,1,0.00014103745745058013,31
lion,0,0,0,0.00013579347519591896,31
snake,1,1,1,0.0003476580678191998,31
snake,1,1,0,0.0003179501006768204,31
snake,1,0,1,0.00014605112273425528,31
snake,1,0,0,0.00015769288066213487,31
snake,0,1,1,0.00020193527873369515,31
snake,0,1,0,0.0001519770881255829,31
snake,0,0,1,0.00016374499182892924,31
snake,0,0,0,0.00016029857789099384,31
bull,1,1,1,0.00040563174719954897,31
bull,1,1,0,0.0003241698311505263,31
bull,1,0,1,0.00017012352849841262,31
bull,1,0,0,0.00018770663581942315,31
bull,0,1,1,0.00016034401367242556,31
bull,0,1,0,0.00014425015478780146,31
bull,0,0,1,0.0001297138379934251,31
bull,0,0,0,0.00012125556782771022,31
peacock,1,1,1,0.000516731595141877,32
peacock,1,1,0,0.00024340285545736785,32
peacock,1,0,1,0.000335638812839885,32
peacock,1,0,0,0.00019747924012628178,32
peacock,0,1,1,0.00008391798463551631,32
peacock,0,1,0,0.00006507385592695142,32
peacock,0,0,1,0.00007513270555710308,32
peacock,0,0,0,0.00005080217539763099,32
target,1,1,1,0.0004450715196891696,32
target,1,1,0,0.0002495757405012518,32
target,1,0,1,0.00035128006130174166,32
target,1,0,0,0.0002637429315950641,32
target,0,1,1,0.00007260036378466299,32
target,0,1,0,0.00006105854873407966,32
target,0,0,1,0.00007334947334805585,32
target,0,0,0,0.00006095264163715825,32
gazelle,1,1,1,0.0004850315663593378,32
gazelle,1,1,0,0.00024934583404524334,32
gazelle,1,0,1,0.0004003457033241258,32
gazelle,1,0,0,0.00021791190746263812,32
gazelle,0,1,1,0.00006858929498887156,32
gazelle,0,1,0,0.00005298412224509047,32
gazelle,0,0,1,0.00007044546693772797,32
gazelle,0,0,0,0.000036470861586770456,32
tiger,1,1,1,0.000491407802490477,32
tiger,1,1,0,0.0002775886534441401,32
tiger,1,0,1,0.00029130498189754893,32
tiger,1,0,0,0.00024273540630738387,32
tiger,0,1,1,0.00007737172648365064,32
tiger,0,1,0,0.0000661536292951053,32
tiger,0,0,1,0.00007017895227704256,32
tiger,0,0,0,0.00005613363771475468,32
person,1,1,1,0.06583895599777329,32
person,1,1,0,0.06631737226771448,32
person,1,0,1,0.07150076536687079,32
person,1,0,0,0.06704716260740322,32
person,0,1,1,0.15095806600042316,32
person,0,1,0,0.16349277318322972,32
person,0,0,1,0.196029847516564,32
person,0,0,0,0.20780789043881395,32
cheetah,1,1,1,0.0005435540282788897,32
cheetah,1,1,0,0.000251313146650474,32
cheetah,1,0,1,0.0003288883240990235,32
cheetah,1,0,0,0.00018622711350145288,32
cheetah,0,1,1,0.0000834578770799795,32
cheetah,0,1,0,0.000058519251857153344,32
cheetah,0,0,1,0.00007437763644014154,32
cheetah,0,0,0,0.00004289358208183709,32
bird,1,1,1,0.0005446367034470715,32
bird,1,1,0,0.00026122575565124467,32
bird,1,0,1,0.00041888756756356033,32
bird,1,0,0,0.00021727420931366248,32
bird,0,1,1,0.000050412911373621005,32
bird,0,1,0,0.00003484899845261037,32
bird,0,0,1,0.0000403205628625053,32
bird,0,0,0,0.000027454865500513955,32
bass,1,1,1,0.0004586712766257504,32
bass,1,1,0,0.00021437417080640377,32
bass,1,0,1,0.0003223361638953421,32
bass,1,0,0,0.00016390232638664607,32
bass,0,1,1,0.00014662900895425615,32
bass,0,1,0,0.00007762151284257287,32
bass,0,0,1,0.00008773280806596765,32
bass,0,0,0,0.00007179676694258877,32
